全国地方公共団体コード,ID,地方公共団体名,名称,名称_カナ,名称_英字,医療機関の種類,所在地_全国地方公共団体コード,町字ID,所在地_連結表記,所在地_都道府県,所在地_市区町村,所在地_町字,所在地_番地以下,建物名等(方書),緯度,経度,高度の種別,高度の値,電話番号,内線番号,FAX番号,連絡先メールアドレス,連絡先FormURL,連絡先備考（その他、SNSなど）,郵便番号,法人番号,法人の名称,医療機関コード,診療曜日,診療開始時間,診療終了時間,診療日時特記事項,時間外における対応,診療科目,病床数,災害拠点分類,状況,URL,画像,画像_ライセンス,備考
352080,400001,山口県岩国市,独立行政法人　国立病院機構　岩国医療センター,ドクリツギョウセイホウジン　コクリツビョウインキコウ　イワクニイリョウセンター,,病院,352080,,山口県岩国市愛宕町1丁目1番1号,山口県,岩国市愛宕町1丁目1番1号,,,,34.14349,132.203534,,,0827-34-1000,,0827-35-5600,,,,,1.01321E+12,国立病院機構,3518812684,月火水木金,8:30:00,17:15:00,祝日、12/29～1/3は休診。,,内科、呼吸器内科、循環器内科、消化器内科、血液内科、腎臓内科、神経内科、外科、心臓血管外科、消化器外科、乳腺外科、小児外科、整形外科、脳神経外科、形成外科、胸部外科、精神科、小児科、皮膚科、泌尿器科、産科、婦人科、眼科、耳鼻咽喉科、リハビリテーション科、放射線科、病理診断科、救急科、麻酔科、糖尿病・内分泌内科、肝臓内科、小児循環器科,464,,,https://iwakuni.hosp.go.jp/,,,記載内容は令和６年11月1日現在のものです。診療日や時間が変更となっている場合があります。また、診療科によって診療終了時間が異なる場合があるので、詳細は各医療機関にお問い合わせください。
352080,400002,山口県岩国市,医療法人 岩国病院,イリョウホウジン　イワクニビョウイン,,病院,352080,,山口県岩国市岩国3丁目2番7号,山口県,岩国市岩国3丁目2番7号,,,,34.163335,132.183858,,,0827-41-0850,,0827-41-1374,,,,,7.25001E+12,医療法人　岩国病院,3510810025,月火水木金土,9:00:00,17:00:00,木曜日と土曜日は午前の診療。祝日、8/14～16、12/31～1/3は休診。,,内科、消化器内科、神経内科、整形外科、小児科、産婦人科、リハビリテーション科,41,,,http://www.岩国病院.jp/,,,記載内容は令和６年11月1日現在のものです。診療日や時間が変更となっている場合があります。また、診療科によって診療終了時間が異なる場合があるので、詳細は各医療機関にお問い合わせください。
352080,400003,山口県岩国市,錦病院,ニシキビョウイン,,病院,352080,,山口県岩国市錦見7丁目15番7号,山口県,岩国市錦見7丁目15番7号,,,,34.159867,132.18678,,,0827-41-0177,,0827-43-3573,,,,,7.25001E+12,医療法人　錦病院,3510810082,月火水木金土,9:00:00,17:30:00,土曜日は午前の診療。祝日、8/14～16、12/30～1/3は休診。,,内科、消化器外科、外科、整形外科、肛門外科、放射線科、乳腺外科,40,,,https://www.nishiki-hosp.com/,,,記載内容は令和６年11月1日現在のものです。診療日や時間が変更となっている場合があります。また、診療科によって診療終了時間が異なる場合があるので、詳細は各医療機関にお問い合わせください。
352080,400004,山口県岩国市,岩国第一病院,イワクニダイイチビョウイン,,病院,352080,,山口県岩国市岩国1丁目20番49号,山口県,岩国市岩国1丁目20番49号,,,,34.167104,132.180828,,,0827-41-0019,,0827-41-0026,,,,,8.25001E+12,医療法人　千寿会,3510811742,月火水木金土,9:00:00,18:00:00,木曜日と土曜日は午前の診療。祝日、8/13～15、12/30～1/3は休診。,,内科、呼吸器内科、整形外科、漢方内科、リハビリテーション科,47,,,https://www.iwakuni-daiichi-hosp.com/,,,記載内容は令和６年11月1日現在のものです。診療日や時間が変更となっている場合があります。また、診療科によって診療終了時間が異なる場合があるので、詳細は各医療機関にお問い合わせください。
352080,400005,山口県岩国市,医療法人光風会 岩国中央病院,イリョウホウジン　コウフウカイ　イワクニチュウオウビョウイン,,病院,352080,,山口県岩国市今津町4丁目15番3号,山口県,岩国市今津町4丁目15番3号,,,,34.163936,132.214293,,,0827-23-1600,,0827-23-1602,,,,,2.25001E+12,医療法人　光風会,3510811486,月火水木金土,8:30:00,17:30:00,月曜日の午後は15:00から診療。火曜日、木曜日と土曜日は午前の診療。祝日、8/13～15、12/30～1/3は休診。,,呼吸器内科、消化器内科、腎臓内科、糖尿病内科、人工透析内科、消化器外科、肛門外科、乳腺外科、血管外科、内視鏡外科、腫瘍外科、整形外科、臨床検査科、放射線診断科、麻酔科,22,,,https://www.iwakuni-chuo.com/,,,記載内容は令和６年11月1日現在のものです。診療日や時間が変更となっている場合があります。また、診療科によって診療終了時間が異なる場合があるので、詳細は各医療機関にお問い合わせください。
352080,400006,山口県岩国市,岩国みなみ病院,イワクニミナミビョウイン,,病院,352080,,山口県岩国市南岩国町2丁目77番23号,山口県,岩国市南岩国町2丁目77番23号,,,,34.138576,132.192772,,,0827-32-4100,,0827-32-4105,,,,,6.25001E+12,医療法人　岩国みなみ病院,3510811841,月火水木金土,9:00:00,17:30:00,火曜日と土曜日は午前の診療。祝日、8/14～16、12/29～1/3は休診。,,呼吸器内科、呼吸器外科、消化器内科、消化器外科、外科、リハビリテーション科、放射線科、麻酔科,60,,,http://www.iwakuni-minami.or.jp/,,,記載内容は令和６年11月1日現在のものです。診療日や時間が変更となっている場合があります。また、診療科によって診療終了時間が異なる場合があるので、詳細は各医療機関にお問い合わせください。
352080,400007,山口県岩国市,岩国市医療センター医師会病院,イワクニシイリョウセンターイシカイビョウイン,,病院,352080,,山口県岩国市室の木町3丁目6番12号,山口県,岩国市室の木町3丁目6番12号,,,,34.171213,132.205833,,,0827-21-3211,,0827-21-3412,,,,,3.25001E+12,一般社団法人　岩国市医師会,3510812013,月火水木金土,9:00:00,17:00:00,土曜日は午前の診療。祝日、12/29～1/3は休診。,,内科、消化器内科、循環器内科、小児科、外科、整形外科、脳神経外科、リハビリテーション科、放射線診断科、歯科、麻酔科、血液内科、内分泌内科、腎臓内科、人工透析内科、ペインクリニック内科、緩和ケア内科、脳神経内科、泌尿器科,181,,,http://iwakuni-med.jp/,,,記載内容は令和６年11月1日現在のものです。診療日や時間が変更となっている場合があります。また、診療科によって診療終了時間が異なる場合があるので、詳細は各医療機関にお問い合わせください。
352080,400008,山口県岩国市,いしい記念病院,イシイキネンビョウイン,,病院,352080,,山口県岩国市多田3丁目102-1,山口県,岩国市多田3丁目102-1,,,,34.181688,132.166775,,,0827-41-0114,,0827-41-0113,,,,,1.25001E+12,医療法人　新生会,3510810561,月火水木金土,9:00:00,16:00:00,土曜日は午前の診療。祝日、12/29～1/3は休診。,,内科、循環器内科、消化器内科、呼吸器内科、放射線科、精神科、リハビリテーション科,207,,,https://i-shinseikai.or.jp/organization/ishiikinen-h/,,,記載内容は令和６年11月1日現在のものです。診療日や時間が変更となっている場合があります。また、診療科によって診療終了時間が異なる場合があるので、詳細は各医療機関にお問い合わせください。
352080,400009,山口県岩国市,医療法人南和会 千鳥ケ丘病院,イリョウホウジン　ナンワカイ　チドリガオカビョウイン,,病院,352080,,山口県岩国市由宇町千鳥が丘1丁目1番1号,山口県,岩国市由宇町千鳥が丘1丁目1番1号,,,,34.036363,132.213031,,,0827-63-0231,,0827-63-3434,,,,,1.25001E+12,医療法人　南和会,3517210617,月火水木金土,9:30:00,15:30:00,祝日、8/15、12/31～1/3は休診。,,精神科、神経科、神経内科,270,,,http://www.nanwakai.jp/chidori_hos/index.html,,,記載内容は令和６年11月1日現在のものです。診療日や時間が変更となっている場合があります。また、診療科によって診療終了時間が異なる場合があるので、詳細は各医療機関にお問い合わせください。
352080,400010,山口県岩国市,医療法人南和会　みどり病院,イリョウホウジン　ナンワカイ　ミドリビョウイン,,病院,352080,,山口県岩国市由宇町359番地1,山口県,岩国市由宇町359番地1,,,,34.027472,132.154287,,,0827-63-0111,,0827-63-2000,,,,,1.25001E+12,医療法人　南和会,3517210872,月火水木金,9:00:00,16:00:00,祝日、8/15、12/31～1/3は休診。,,内科、リハビリテーション科,120,,,http://www.nanwakai.jp/midori_hos/index.html,,,記載内容は令和６年11月1日現在のものです。診療日や時間が変更となっている場合があります。また、診療科によって診療終了時間が異なる場合があるので、詳細は各医療機関にお問い合わせください。
352080,400011,山口県岩国市,医療法人社団青山会　リフレまえだ病院,イリョウホウジンシャダン　アオヤマカイ　リフレマエダビョウイン,,病院,352080,,山口県岩国市玖珂町1887番地,山口県,岩国市玖珂町1887番地,,,,34.103978,132.106604,,,0827-82-3521,,0827-82-4812,,,,,5.25001E+12,医療法人社団　青山会,3517210625,月火水木金土,9:00:00,17:00:00,祝日、8/15・16、12/31～1/3は休診。,,内科、心療内科、精神科、放射線科,108,,,https://refre-maeda.jp/,,,記載内容は令和６年11月1日現在のものです。診療日や時間が変更となっている場合があります。また、診療科によって診療終了時間が異なる場合があるので、詳細は各医療機関にお問い合わせください。
352080,400012,山口県岩国市,玖珂中央病院,クガチュウオウビョウイン,,病院,352080,,山口県岩国市玖珂町1448番地,山口県,岩国市玖珂町1448番地,,,,34.104447,132.097022,,,0827-82-5123,,0827-82-5125,,,,,1.25001E+12,医療法人　玖玉会,3517210781,月火水木金,9:00:00,17:00:00,祝日、8/13～15、12/29～1/3は休診。,,内科、消化器内科、循環器内科、リハビリテーション科,148,,,http://www.urban.ne.jp/home/kugahosp/,,,記載内容は令和６年11月1日現在のものです。診療日や時間が変更となっている場合があります。また、診療科によって診療終了時間が異なる場合があるので、詳細は各医療機関にお問い合わせください。
352080,400013,山口県岩国市,山口平成病院,ヤマグチヘイセイビョウイン,,病院,352080,,山口県岩国市玖珂町11340番地,山口県,岩国市玖珂町11340番地,,,,34.102129,132.059525,,,0827-82-6111,,0827-82-3870,,,,,2.25001E+12,医療法人　山口平成会,3517210831,月火水木金土,9:00:00,17:00:00,祝日、8/13～15、12/30～1/3は休診。,,内科、呼吸器内科、消化器内科、循環器内科、リウマチ科、リハビリテーション科,150,,,https://yamaguchihp.jp/,,,記載内容は令和６年11月1日現在のものです。診療日や時間が変更となっている場合があります。また、診療科によって診療終了時間が異なる場合があるので、詳細は各医療機関にお問い合わせください。
352080,400014,山口県岩国市,周防病院,スオウビョウイン,,病院,352080,,山口県岩国市周東町上久原123番地,山口県,岩国市周東町上久原123番地,,,,34.076569,132.072962,,,0827-84-1223,,0827-84-1230,,,,,7.25001E+12,医療法人　全生会,3517210864,月火水木金土,9:00:00,17:00:00,土曜日は午前の診療。祝日、12/30～1/3は休診。,,内科、呼吸器内科、神経内科、放射線科、循環器内科、消化器内科、リハビリテーション科,120,,,,,,記載内容は令和６年11月1日現在のものです。診療日や時間が変更となっている場合があります。また、診療科によって診療終了時間が異なる場合があるので、詳細は各医療機関にお問い合わせください。
352080,400015,山口県岩国市,藤政病院,フジマサビョウイン,,病院,352080,,山口県岩国市周東町下久原2403番地1,山口県,岩国市周東町下久原2403番地1,,,,34.093604,132.05029,,,0827-84-0037,,0827-84-0676,,,,,8.25001E+12,医療法人　清志会,3517210930,月火水木金土,9:00:00,18:00:00,水曜日と土曜日は午前の診療。祝日、8/14～15、12/29～1/3は休診。,,内科、外科、整形外科、歯科、矯正歯科、小児歯科、歯科口腔外科,40,,,http://fujimasahosp.sakura.ne.jp/,,,記載内容は令和６年11月1日現在のものです。診療日や時間が変更となっている場合があります。また、診療科によって診療終了時間が異なる場合があるので、詳細は各医療機関にお問い合わせください。
352080,400016,山口県岩国市,岩国市立錦中央病院,イワクニシリツニシキチュウオウビョウイン,,病院,352080,,山口県岩国市錦町広瀬1072-1,山口県,岩国市錦町広瀬1072-1,,,,34.262298,131.954703,,,0827-72-2321,,0827-72-3361,,,,,,岩国市長,3517210278,月火水木金,8:15:00,17:15:00,祝日、12/29～1/3は休診。,,内科、外科、整形外科、脳神経外科、皮膚科、泌尿器科、眼科、耳鼻咽喉科,53,,,http://www.nishiki.org/,,,記載内容は令和６年11月1日現在のものです。診療日や時間が変更となっている場合があります。また、診療科によって診療終了時間が異なる場合があるので、詳細は各医療機関にお問い合わせください。
352080,400017,山口県岩国市,岩国市立美和病院,イワクニシリツミワビョウイン,,病院,352080,,山口県岩国市美和町渋前1776-1,山口県,岩国市美和町渋前1776-1,,,,34.220318,132.081351,,,0827-96-1155,,0827-96-1157,,,,,,岩国市長,3517210013,月火水木金,8:30:00,17:15:00,祝日、12/29～1/3は休診。,,内科、神経科、小児科、外科、整形外科、眼科,52,,,https://miwahospital.org/,,,記載内容は令和６年11月1日現在のものです。診療日や時間が変更となっている場合があります。また、診療科によって診療終了時間が異なる場合があるので、詳細は各医療機関にお問い合わせください。
352080,400018,山口県岩国市,青空診療所,アオゾラシンリョウジョ,,無床診療所,352080,,山口県岩国市平田6丁目24番5号,山口県,岩国市平田6丁目24番5号,,,,34.140079,132.189115,,,0827-35-2020,,0827-35-2021,,,,,,,3510812500,月火水木金,9:00:00,17:00:00,祝日、8/13～15、12/29～1/3は休診。,,精神科、心療内科,0,,,,,,記載内容は令和６年11月1日現在のものです。診療日や時間が変更となっている場合があります。また、診療科によって診療終了時間が異なる場合があるので、詳細は各医療機関にお問い合わせください。
352080,400019,山口県岩国市,医療法人 岩見内科医院,イリョウホウジン　イワミナイカイイン,,無床診療所,352080,,山口県岩国市元町2丁目1番15号,山口県,岩国市元町2丁目1番15号,,,,34.171259,132.227674,,,0827-21-0077,,0827-24-0077,,,,,4.25001E+12,医療法人　岩見内科医院,3510812724,月火水木金土,8:00:00,18:00:00,木曜日の午後は予約検査、訪問診療のみ。土曜日は午前の診療。祝日、8/14～15、12/29～1/3は休診。,,内科,0,,,https://iwami.clinic-yamaguchi.com/,,,記載内容は令和６年11月1日現在のものです。診療日や時間が変更となっている場合があります。また、診療科によって診療終了時間が異なる場合があるので、詳細は各医療機関にお問い合わせください。
352080,400020,山口県岩国市,医療法人社団松柏会 岩国整形外科,イリョウホウジンシャダン　ショウハクカイ　イワクニセイケイゲカ,,無床診療所,352080,,山口県岩国市錦見6丁目13番40号,山口県,岩国市錦見6丁目13番40号,,,,34.164592,132.193568,,,0827-43-1235,,0827-43-1236,,,,,2.25001E+12,医療法人社団　松柏会,3510811148,月火水金土,9:00:00,17:30:00,土曜日は午前の診療。祝日、8/13～15、12/30～1/3は休診。,,整形外科、リハビリテーション科,0,,,http://iwakuniseikei.jp/,,,記載内容は令和６年11月1日現在のものです。診療日や時間が変更となっている場合があります。また、診療科によって診療終了時間が異なる場合があるので、詳細は各医療機関にお問い合わせください。
352080,400021,山口県岩国市,医療法人　岩崎内科医院,イリョウホウジン　イワサキナイカイイン,,無床診療所,352080,,山口県岩国市南岩国町1丁目30番13号,山口県,岩国市南岩国町1丁目30番13号,,,,34.136172,132.200868,,,0827-31-4815,,0827-31-4649,,,,,5.25001E+12,医療法人　岩崎内科医院,3510811437,月火水木金土,9:00:00,18:00:00,木曜日と土曜日は午前の診療。祝日、8/14～16、12/29～1/3は休診。,,内科、循環器内科、糖尿病内科（代謝内科）,0,,,,,,記載内容は令和６年11月1日現在のものです。診療日や時間が変更となっている場合があります。また、診療科によって診療終了時間が異なる場合があるので、詳細は各医療機関にお問い合わせください。
352080,400022,山口県岩国市,岩﨑クリニック,イワサキクリニック,,無床診療所,352080,,山口県岩国市錦見4丁目1番13号,山口県,岩国市錦見4丁目1番13号,,,,34.165324,132.187529,,,0827-43-3699,,0827-43-4503,,,,,,,3510811833,月火水金土,9:00:00,18:00:00,土曜日は午前の診療。祝日、8/15・16、12/30～1/4は休診。,,内科、心療内科,0,,,,,,記載内容は令和６年11月1日現在のものです。診療日や時間が変更となっている場合があります。また、診療科によって診療終了時間が異なる場合があるので、詳細は各医療機関にお問い合わせください。
352080,400023,山口県岩国市,いしいケア・クリニック,イシイケアクリニック,,無床診療所,352080,,山口県岩国市麻里布町3丁目5番5号,山口県,岩国市麻里布町3丁目5番5号,,,,34.16987,132.222358,,,0827-29-0114,,0827-29-0707,,,,,1.25001E+12,医療法人　新生会,3510812716,月火水木金土,9:00:00,17:00:00,祝日、12/31～1/3は休診。,,内科、リハビリテーション科,0,,,https://i-shinseikai.or.jp/organization/ishii-cc/,,,記載内容は令和６年11月1日現在のものです。診療日や時間が変更となっている場合があります。また、診療科によって診療終了時間が異なる場合があるので、詳細は各医療機関にお問い合わせください。
352080,400024,山口県岩国市,いなだ泌尿器科クリニック,イナダヒニョウキカクリニック,,無床診療所,352080,,山口県岩国市今津町1丁目16番3号,山口県,岩国市今津町1丁目16番3号,,,,34.165968,132.219322,,,0827-21-1976,,0827-22-8271,,,,,,,3510812245,月火水木金土,9:00:00,17:45:00,木曜日と土曜日は午前の診療。祝日、8/13～16、12/30～1/4は休診。,,皮膚科、泌尿器科,0,,,,,,記載内容は令和６年11月1日現在のものです。診療日や時間が変更となっている場合があります。また、診療科によって診療終了時間が異なる場合があるので、詳細は各医療機関にお問い合わせください。
352080,400025,山口県岩国市,医療法人社団　上田整形外科,イリョウホウジンシャダン　ウエダセイケイゲカ,,無床診療所,352080,,山口県岩国市今津町4丁目2番5号,山口県,岩国市今津町4丁目2番5号,,,,34.165554,132.217715,,,0827-23-3111,,0827-23-3112,,,,,6.25001E+12,医療法人社団　上田整形外科,3510812062,月火水木金土,9:00:00,17:30:00,木曜日と土曜日は午前の診療。祝日は休診。,,整形外科、リハビリテーション科,0,,,https://www.iwakuni-uedaseikeigeka.com/,,,記載内容は令和６年11月1日現在のものです。診療日や時間が変更となっている場合があります。また、診療科によって診療終了時間が異なる場合があるので、詳細は各医療機関にお問い合わせください。
352080,400026,山口県岩国市,牛野谷クリニック,ウシノヤクリニック,,無床診療所,352080,,山口県岩国市牛野谷町3丁目39番19号,山口県,岩国市牛野谷町3丁目39番19号,,,,34.151198,132.201741,,,0827-35-1010,,0827-35-1001,,,,,,,3510812484,月火水木金土,8:30:00,18:00:00,木曜日と土曜日は午前の診療。祝日、8/14～16、12/30～1/3は休診。,,内科、リハビリテーション科、外科、肛門科、胃腸科、消化器科,0,,,,,,記載内容は令和６年11月1日現在のものです。診療日や時間が変更となっている場合があります。また、診療科によって診療終了時間が異なる場合があるので、詳細は各医療機関にお問い合わせください。
352080,400027,山口県岩国市,小幡眼科医院,オバタガンカイイン,,無床診療所,352080,,山口県岩国市岩国1丁目19番6号,山口県,岩国市岩国1丁目19番6号,,,,34.166052,132.181646,,,0827-43-0245,,0827-43-0245,,,,,2.25001E+12,医療法人社団　小幡眼科医院,3510811874,月火水木金土,8:30:00,17:15:00,水曜日の午後は手術のみ。木曜日と土曜日は午前の診療。祝日、8/14～16、12/30～1/3は休診。,,眼科,0,,,https://obataganka.jp/,,,記載内容は令和６年11月1日現在のものです。診療日や時間が変更となっている場合があります。また、診療科によって診療終了時間が異なる場合があるので、詳細は各医療機関にお問い合わせください。
352080,400028,山口県岩国市,岡山医院,オカヤマイイン,,無床診療所,352080,,山口県岩国市平田6丁目51-16,山口県,岩国市平田6丁目51-16,,,,34.137692,132.183599,,,0827-32-2288,,0827-32-7070,,,,,,,3510812831,月火水木金土,9:00:00,18:00:00,月・火・水・金曜日の14:00～15:00は乳児検診、予防接種、往診。木曜日と土曜日は午前の診療。祝日、8/14～16、12/30～1/3は休診。,,内科、小児科,0,,,,,,記載内容は令和６年11月1日現在のものです。診療日や時間が変更となっている場合があります。また、診療科によって診療終了時間が異なる場合があるので、詳細は各医療機関にお問い合わせください。
352080,400029,山口県岩国市,医療法人和会 沖井クリニック,イリョウホウジン　ナゴミカイ　オキイクリニック,,無床診療所,352080,,山口県岩国市元町4丁目5番10号,山口県,岩国市元町4丁目5番10号,,,,34.17172,132.231371,,,0827-21-0720,,0827-21-0723,,,,,9.25001E+12,医療法人和会,3510812039,月火水木金土,9:00:00,18:00:00,火曜日と土曜日は午前の診療。祝日、8/13～15、12/31～1/3は休診。,,胃腸科、外科、麻酔科、リハビリテーション科,0,,,http://ngm.jp/,,,記載内容は令和６年11月1日現在のものです。診療日や時間が変更となっている場合があります。また、診療科によって診療終了時間が異なる場合があるので、詳細は各医療機関にお問い合わせください。
352080,400030,山口県岩国市,小野内科,オノナイカ,,無床診療所,352080,,山口県岩国市三笠町2丁目6番9号,山口県,岩国市三笠町2丁目6番9号,,,,34.166109,132.227202,,,0827-21-2703,,0827-22-4832,,,,,4.25001E+12,医療法人　小野内科,3510812468,月火水木金土,9:00:00,17:30:00,木曜日と土曜日は午前の診療。祝日、8/14～16、12/30～1/3は休診。,,内科、消化器科,0,,,,,,記載内容は令和６年11月1日現在のものです。診療日や時間が変更となっている場合があります。また、診療科によって診療終了時間が異なる場合があるので、詳細は各医療機関にお問い合わせください。
352080,400031,山口県岩国市,医療法人社団 大谷整形外科,イリョウホウジンシャダン　オオタニセイケイゲカ,,無床診療所,352080,,山口県岩国市麻里布町3丁目1番25号,山口県,岩国市麻里布町3丁目1番25号,,,,34.17201,132.222997,,,0827-24-4970,,0827-23-4976,,,,,3.25001E+12,医療法人社団　大谷整形外科,3510812252,月火水金土,9:00:00,18:00:00,土曜日は午前の診療。祝日は休診。,,整形外科、リウマチ科、リハビリテーション科,0,,,http://otani-seikei.com/,,,記載内容は令和６年11月1日現在のものです。診療日や時間が変更となっている場合があります。また、診療科によって診療終了時間が異なる場合があるので、詳細は各医療機関にお問い合わせください。
352080,400032,山口県岩国市,川下整形外科,カワシモセイケイゲカ,,無床診療所,352080,,山口県岩国市車町1丁目13番19号,山口県,岩国市車町1丁目13番19号,,,,34.156039,132.217717,,,0827-22-2222,,0827-22-2272,,,,,7.25001E+12,医療法人　川下整形外科,3510812922,月火水木金土,9:00:00,18:00:00,木曜日と土曜日は午前の診療。祝日、8/13～15、12/29～1/3は休診。,,整形外科、リウマチ科、リハビリテーション科,0,,,http://www.kunishi-cl.com/,,,記載内容は令和６年11月1日現在のものです。診療日や時間が変更となっている場合があります。また、診療科によって診療終了時間が異なる場合があるので、詳細は各医療機関にお問い合わせください。
352080,400033,山口県岩国市,片山クリニック,カタヤマクリニック,,無床診療所,352080,,山口県岩国市平田4丁目16番地35号,山口県,岩国市平田4丁目16番地35号,,,,34.143086,132.186831,,,0827-32-2121,,0827-28-6010,,,,,1.25001E+12,医療法人　片山クリニック,3510811726,月火水木金土,9:00:00,17:30:00,木曜日と土曜日は午前の診療。祝日、8/13～15、12/30～1/3は休診。第3・4・5水曜の午後は休診。他、不定期に休診あり。,,消化器科、外科、透析内科,0,,,http://www.katayama-clinic.net/,,,記載内容は令和６年11月1日現在のものです。診療日や時間が変更となっている場合があります。また、診療科によって診療終了時間が異なる場合があるので、詳細は各医療機関にお問い合わせください。
352080,400034,山口県岩国市,桑原内科,クワハラナイカ,,無床診療所,352080,,山口県岩国市麻里布町5丁目4番2号,山口県,岩国市麻里布町5丁目4番2号,,,,34.174591,132.224471,,,0827-21-0839,,0827-23-6223,,,,,3.25001E+12,医療法人社団　桑原内科,3510811619,月火水木金土,9:00:00,17:30:00,木曜日と土曜日は午前の診療。祝日、8/14・15、12/30～1/3は休診。,,内科、消化器科、小児科,0,,,,,,記載内容は令和６年11月1日現在のものです。診療日や時間が変更となっている場合があります。また、診療科によって診療終了時間が異なる場合があるので、詳細は各医療機関にお問い合わせください。
352080,400035,山口県岩国市,栗栖眼科,クリスガンカ,,無床診療所,352080,,山口県岩国市平田1丁目28番28号,山口県,岩国市平田1丁目28番28号,,,,34.149315,132.181292,,,0827-34-5513,,0827-34-5515,,,,,,,3510812435,月火水木金土,9:00:00,18:00:00,木曜日と土曜日は午前の診療。祝日は休診。,,眼科,0,,,,,,記載内容は令和６年11月1日現在のものです。診療日や時間が変更となっている場合があります。また、診療科によって診療終了時間が異なる場合があるので、詳細は各医療機関にお問い合わせください。
352080,400036,山口県岩国市,医療法人社団 小林耳鼻咽喉科医院,イリョウホウジンシャダン　コバヤシジビインコウカイイン,,無床診療所,352080,,山口県岩国市今津町3丁目1番34号,山口県,岩国市今津町3丁目1番34号,,,,34.164952,132.217313,,,0827-21-2718,,0827-22-3080,,,,,9.25001E+12,医療法人社団　小林耳鼻咽喉科医院,3510812005,月火水金土,9:00:00,18:00:00,土曜日は午前の診療。祝日、8/14～16、12/30～1/4は休診。,,耳鼻咽喉科、気管食道科、アレルギー科,0,,,http://kobayashi-jibika.com/,,,記載内容は令和６年11月1日現在のものです。診療日や時間が変更となっている場合があります。また、診療科によって診療終了時間が異なる場合があるので、詳細は各医療機関にお問い合わせください。
352080,400037,山口県岩国市,小林クリニック,コバヤシクリニック,,無床診療所,352080,,山口県岩国市山手町1丁目11番23号,山口県,岩国市山手町1丁目11番23号,,,,34.168587,132.217285,,,0827-23-5884,,0827-23-5887,,,,,,,3510812336,月火水木金土,9:00:00,18:00:00,木曜日と土曜日は午前の診療。祝日、8/13～8/15、12/29～1/3、1/5は休診。,,内科、呼吸器科、外科、放射線科,0,,,,,,記載内容は令和６年11月1日現在のものです。診療日や時間が変更となっている場合があります。また、診療科によって診療終了時間が異なる場合があるので、詳細は各医療機関にお問い合わせください。
352080,400038,山口県岩国市,ごちょう眼科,ゴチョウガンカ,,無床診療所,352080,,山口県岩国市麻里布町3丁目20番25号,山口県,岩国市麻里布町3丁目20番25号,,,,34.172074,132.220001,,,0827-22-7432,,0827-22-2239,,,,,1.25001E+12,医療法人社団　ごちょう眼科,3510811734,月火水金土,9:00:00,18:00:00,土曜日は16時まで診療。祝日、8/14・15、12/30～1/3は休診。,,眼科,0,,,,,,記載内容は令和６年11月1日現在のものです。診療日や時間が変更となっている場合があります。また、診療科によって診療終了時間が異なる場合があるので、詳細は各医療機関にお問い合わせください。
352080,400039,山口県岩国市,後藤皮膚科クリニック,ゴトウヒフカクリニック,,無床診療所,352080,,山口県岩国市今津町3丁目16番15号,山口県,岩国市今津町3丁目16番15号,,,,34.163019,132.215545,,,0827-21-5510,,0827-21-5530,,,,,,,3510812591,月火水金土,9:00:00,17:30:00,土曜日は14時まで診療。祝日は休診。,,皮膚科、アレルギー科、美容外科、婦人科,0,,,https://www.brighcell.jp/clinic/intro/gotou_h.html,,,記載内容は令和６年11月1日現在のものです。診療日や時間が変更となっている場合があります。また、診療科によって診療終了時間が異なる場合があるので、詳細は各医療機関にお問い合わせください。
352080,400041,山口県岩国市,医療法人　さいとう皮膚科,イリョウホウジン　サイトウヒフカ,,無床診療所,352080,,山口県岩国市車町2丁目12番42号,山口県,岩国市車町2丁目12番42号,,,,34.156209,132.220649,,,0827-23-4477,,0827-23-4487,,,,,8.25001E+12,医療法人　さいとう皮膚科,3510812328,月火水木金土,9:00:00,18:00:00,月・火・水・金曜日の午後と土曜日の午前は予約優先。木曜日と土曜日は午前の診療。祝日、8/13～15、12/30～1/3は休診。,,皮膚科,0,,,http://www.urban.ne.jp/home/saito113/,,,記載内容は令和６年11月1日現在のものです。診療日や時間が変更となっている場合があります。また、診療科によって診療終了時間が異なる場合があるので、詳細は各医療機関にお問い合わせください。
352080,400042,山口県岩国市,さとう眼科,サトウガンカ,,無床診療所,352080,,山口県岩国市室の木町5丁目10番11号,山口県,岩国市室の木町5丁目10番11号,,,,34.168443,132.20188,,,0827-30-3100,,0827-30-7777,,,,,1.25001E+12,医療法人　さとう眼科,3510812674,月火水木金土,9:00:00,18:30:00,火～木曜日と土曜日は午前の診療。祝日、8/13～15、12/29～1/3は休診。,,眼科,0,,,http://www.sato-eye-clinic.jp/,,,記載内容は令和６年11月1日現在のものです。診療日や時間が変更となっている場合があります。また、診療科によって診療終了時間が異なる場合があるので、詳細は各医療機関にお問い合わせください。
352080,400043,山口県岩国市,新岩国外科内科医院,シンイワクニゲカナイカイイン,,無床診療所,352080,,山口県岩国市御庄1丁目105-3,山口県,岩国市御庄1丁目105-3,,,,34.16422,132.147844,,,0827-45-0200,,0827-45-0201,,,,,5.25001E+12,医療法人　山代会,3510812476,月火水木金土,8:30:00,17:00:00,木曜日と土曜日は午前の診療。祝日、8/14・15、12/31～1/2は休診。,,内科、呼吸器科、消化器科、循環器科、外科、放射線科,0,,,,,,記載内容は令和６年11月1日現在のものです。診療日や時間が変更となっている場合があります。また、診療科によって診療終了時間が異なる場合があるので、詳細は各医療機関にお問い合わせください。
352080,400044,山口県岩国市,そだクリニック,ソダクリニック,,無床診療所,352080,,岩国市麻里布町３丁目１５－７,,岩国市麻里布町３丁目１５－７,,,,34.137596,132.221618,,,0827-21-0100,,0827-21-0150,,,,,,,3510812690,月火水木金土,9:00:00,17:30:00,木曜日と土曜日は午前の診療。祝日、8/13～15、12/30～1/3は休診。,,消火器内科、腎臓内科、糖尿病内科、透析内科、緩和ケア内科、外科、整形外科,0,,,https://sodaclinic.jp/,,,記載内容は令和６年11月1日現在のものです。診療日や時間が変更となっている場合があります。また、診療科によって診療終了時間が異なる場合があるので、詳細は各医療機関にお問い合わせください。
352080,400045,山口県岩国市,医療法人睦み会　高田耳鼻咽喉科クリニック,イリョウホウジン　ムツミカイ　タカタジビインコウカクリニック,,無床診療所,352080,,山口県岩国市麻里布町2丁目7番12号,山口県,岩国市麻里布町2丁目7番12号,,,,34.169024,132.222564,,,0827-24-1666,,0827-24-2328,,,,,7.25001E+12,医療法人睦み会　高田耳鼻咽喉科クリニック,3510812393,月火水木金土,9:00:00,17:40:00,木曜日と土曜日は午前の診療。祝日、8/14～16、12/30～1/3は休診。,,耳鼻咽喉科,0,,,,,,記載内容は令和６年11月1日現在のものです。診療日や時間が変更となっている場合があります。また、診療科によって診療終了時間が異なる場合があるので、詳細は各医療機関にお問い合わせください。
352080,400048,山口県岩国市,たかた整形外科,タカタセイケイゲカ,,無床診療所,352080,,山口県岩国市南岩国町3丁目17番17号,山口県,岩国市南岩国町3丁目17番17号,,,,34.129713,132.198696,,,0827-31-3399,,0827-31-4838,,,,,6.25001E+12,医療法人社団　たかた整形外科,3510812054,月火水木金土,9:00:00,17:00:00,木曜日と土曜日は午前の診療。祝日、8/12～16、12/29～1/4は休診。,,整形外科、リハビリテーション科,0,,,,,,記載内容は令和６年11月1日現在のものです。診療日や時間が変更となっている場合があります。また、診療科によって診療終了時間が異なる場合があるので、詳細は各医療機関にお問い合わせください。
352080,400049,山口県岩国市,友田ファミリークリニック,トモタファミリークリニック,,無床診療所,352080,,山口県岩国市今津町1丁目11-28,山口県,岩国市今津町1丁目11-28,,,,34.167091,132.221264,,,0827-21-0913,,0827-24-2618,,,,,4.25001E+12,医療法人三修会,3510812732,月火水木金土,9:00:00,18:00:00,木曜日と土曜日は午前の診療。祝日、12/31～1/3は休診。,,内科、婦人科,0,,,https://tomota-fc.com/,,,記載内容は令和６年11月1日現在のものです。診療日や時間が変更となっている場合があります。また、診療科によって診療終了時間が異なる場合があるので、詳細は各医療機関にお問い合わせください。
352080,400050,山口県岩国市,とくとみ内科胃腸科クリニック,トクトミナイカイチョウカクリニック,,無床診療所,352080,,山口県岩国市立石町1丁目3番18号,山口県,岩国市立石町1丁目3番18号,,,,34.177822,132.229321,,,0827-24-5000,,0827-24-5521,,,,,1.25001E+12,医療法人社団　とくとみクリニック,3510812096,月火水木金土,9:00:00,17:30:00,水曜日と土曜日は午前の診療。祝日、12/29～1/3は休診。,,内科、消化器科,0,,,,,,記載内容は令和６年11月1日現在のものです。診療日や時間が変更となっている場合があります。また、診療科によって診療終了時間が異なる場合があるので、詳細は各医療機関にお問い合わせください。
352080,400051,山口県岩国市,中川医院,ナカガワイイン,,無床診療所,352080,,山口県岩国市中津町1丁目24番3号,山口県,岩国市中津町1丁目24番3号,,,,34.156423,132.215415,,,0827-24-1515,,0827-24-1516,,,,,9.25001E+12,医療法人　あろう会,3510812351,月火水木金土,9:00:00,18:00:00,水曜日、木曜日、土曜日は午前の診療。祝日、8/14～16、12/30～1/3は休診。,,内科、呼吸器科、胃腸科、小児科,0,,,,,,記載内容は令和６年11月1日現在のものです。診療日や時間が変更となっている場合があります。また、診療科によって診療終了時間が異なる場合があるので、詳細は各医療機関にお問い合わせください。
352080,400052,山口県岩国市,永安クリニック,ナガヤスイイン,,無床診療所,352080,,山口県岩国市尾津町2丁目14番50号,山口県,岩国市尾津町2丁目14番50号,,,,34.140661,132.210783,,,0827-31-7262,,0827-31-7076,,,,,4.25001E+12,医療法人　永安クリニック,3510812567,月火水木金土,9:00:00,18:00:00,木曜日と土曜日は午前の診療。祝日、8/13～15、12/29～1/3は休診。,,内科、消化器科、外科、放射線科,0,,,,,,記載内容は令和６年11月1日現在のものです。診療日や時間が変更となっている場合があります。また、診療科によって診療終了時間が異なる場合があるので、詳細は各医療機関にお問い合わせください。
352080,400053,山口県岩国市,医療法人社団 西岡医院,イリョウホウジンシャダン　ニシオカイイン,,無床診療所,352080,,山口県岩国市通津3715番地2,山口県,岩国市通津3715番地2,,,,34.070184,132.206195,,,0827-38-2220,,0827-38-2203,,,,,8.25001E+12,医療法人社団　西岡医院,3510812518,月火水木金土,9:00:00,18:00:00,木曜日と土曜日は午前の診療。祝日、8/13～16、12/29～1/3は休診。,,内科、胃腸科、小児科,0,,,,,,記載内容は令和６年11月1日現在のものです。診療日や時間が変更となっている場合があります。また、診療科によって診療終了時間が異なる場合があるので、詳細は各医療機関にお問い合わせください。
352080,400054,山口県岩国市,岩国市立柱島診療所,イワクニシリツハシラジマシンリョウショ,,無床診療所,352080,,山口県岩国市柱島132番地の7,山口県,岩国市柱島132番地の7,,,,34.021746,132.421465,,,0827-48-2311,,,,,,,,,3510810256,木,9:00:00,16:00:00,祝日、12/29～1/3は休診。,,内科,0,,,https://www.city.iwakuni.lg.jp/map/13459.html,,,記載内容は令和６年11月1日現在のものです。診療日や時間が変更となっている場合があります。また、診療科によって診療終了時間が異なる場合があるので、詳細は各医療機関にお問い合わせください。
352080,400055,山口県岩国市,はるなウィメンズクリニック,ハルナウィメンズクリニック,,有床診療所,352080,,山口県岩国市平田1丁目28番地27号,山口県,岩国市平田1丁目28番地27号,,,,34.149041,132.181505,,,0827-32-7007,,0827-32-8606,,,,,6.25001E+12,医療法人　はるなウィメンズクリニック,3510812385,月火水木金土,9:30:00,18:00:00,土曜日は午前の診療。第1・3・5月曜日は休診。祝日、8/14～16、12/30～1/3は休診。,,胃腸科、外科、産科、婦人科、こう門科,19,,,http://www.haruna-clinic.jp/,,,記載内容は令和６年11月1日現在のものです。診療日や時間が変更となっている場合があります。また、診療科によって診療終了時間が異なる場合があるので、詳細は各医療機関にお問い合わせください。
352080,400056,山口県岩国市,廣中泌尿器科,ヒロナカヒニョウキカ,,無床診療所,352080,,山口県岩国市錦見2丁目7番50号,山口県,岩国市錦見2丁目7番50号,,,,34.165843,132.191821,,,0827-43-1135,,0827-43-1137,,,,,4.25001E+12,医療法人社団　廣中泌尿器科,3510811775,月火水木金土,9:00:00,17:00:00,木曜日と土曜日は午前の診療。祝日は休診。,,泌尿器科,0,,,,,,記載内容は令和６年11月1日現在のものです。診療日や時間が変更となっている場合があります。また、診療科によって診療終了時間が異なる場合があるので、詳細は各医療機関にお問い合わせください。
352080,400057,山口県岩国市,医療法人 ひろいし小児クリニック,イリョウホウジン　ヒロイシショウニクリニック,,無床診療所,352080,,山口県岩国市尾津町1丁目17番4号,山口県,岩国市尾津町1丁目17番4号,,,,34.145843,132.211524,,,0827-32-7000,,0827-32-7100,,,,,5.25001E+12,医療法人　ひろいし小児クリニック,3510812138,月火水金土,9:00:00,18:00:00,祝日、8/12～14、12/30～1/3は休診。,,内科、小児科、皮膚科,0,,,https://www.hiroishi-shounika.com/,,,記載内容は令和６年11月1日現在のものです。診療日や時間が変更となっている場合があります。また、診療科によって診療終了時間が異なる場合があるので、詳細は各医療機関にお問い合わせください。
352080,400059,山口県岩国市,医療法人 ふじもと小児科,イリョウホウジン　フジモトショウニカ,,無床診療所,352080,,山口県岩国市保津町2丁目4番51号,山口県,岩国市保津町2丁目4番51号,,,,34.083149,132.209255,,,0827-39-1105,,0827-39-1106,,,,,5.25001E+12,医療法人　ふじもと小児科,3510812401,月火水木金土,9:00:00,18:00:00,木曜日と土曜日は午前の診療。祝日、12/30～1/3は休診。,,小児科,0,,,,,,記載内容は令和６年11月1日現在のものです。診療日や時間が変更となっている場合があります。また、診療科によって診療終了時間が異なる場合があるので、詳細は各医療機関にお問い合わせください。
352080,400187,山口県岩国市,ふじもと内科クリニック,フジモトナイカクリニック,,無床診療所,352080,,岩国市尾津町2丁目22番10号,,岩国市尾津町2丁目22番10号,,,,34.134852,132.206923,,,0827-31-3377,,0827-31-3339,,,,,7.25001E+12,医療法人社団　三志会,3510812948,月火水木金土,8:30:00,18:00:00,木曜日と土曜日は午前の診療。祝日、8/15、12/31～1/3は休診。,,内科、循環器内科、呼吸器内科、アレルギー科,0,,,https://sansikai.com/service,,,記載内容は令和６年11月1日現在のものです。診療日や時間が変更となっている場合があります。また、診療科によって診療終了時間が異なる場合があるので、詳細は各医療機関にお問い合わせください。
352080,400188,山口県岩国市,ふじもと眼科クリニック,フジモトガンカクリニック,,無床診療所,352080,,岩国市尾津町2丁目22番10号,,岩国市尾津町2丁目22番10号,,,,34.134852,132.206923,,,0827-28-5524,,0827-28-5519,,,,,,,3510812930,月火水金土,8:30:00,17:30:00,火曜日と土曜日は午前の診療。祝日、8/13～15、12/29～1/3は休診。,,眼科,0,,,https://fujimoto-eye-clinic.com/,,,記載内容は令和６年11月1日現在のものです。診療日や時間が変更となっている場合があります。また、診療科によって診療終了時間が異なる場合があるので、詳細は各医療機関にお問い合わせください。
352080,400060,山口県岩国市,ふくもと内科循環器科,フクモトナイカジュンカンキカ,,無床診療所,352080,,山口県岩国市御庄3丁目102-7,山口県,岩国市御庄3丁目102-7,,,,34.167752,132.154289,,,0827-45-2020,,0827-45-2500,,,,,,,3510812492,月火水木金土,9:00:00,18:00:00,木曜日と土曜日は午前の診療。祝日、8/14・15、12/30～1/3は休診。,,内科、呼吸器科、消化器科、循環器科、神経内科、心療内科、アレルギー科,0,,,,,,記載内容は令和６年11月1日現在のものです。診療日や時間が変更となっている場合があります。また、診療科によって診療終了時間が異なる場合があるので、詳細は各医療機関にお問い合わせください。
352080,400061,山口県岩国市,豊岳小児科医院,ホウガクショウニカイイン,,無床診療所,352080,,山口県岩国市山手町1丁目16番35号,山口県,岩国市山手町1丁目16番35号,,,,34.167197,132.217828,,,0827-24-9255,,0827-24-9258,,,,,,,3510812443,月火水木金土,8:30:00,17:30:00,毎週金曜日の午後は予防接種、乳幼児健診の予約外来診療のみ。土曜日は15時まで診療。祝日、8/12～15、12/29～1/3は休診。,,小児科,0,,,https://www.hogaku-shonika.com/,,,記載内容は令和６年11月1日現在のものです。診療日や時間が変更となっている場合があります。また、診療科によって診療終了時間が異なる場合があるので、詳細は各医療機関にお問い合わせください。
352080,400062,山口県岩国市,医療法人 松原クリニック循環器科・内科,イリョウホウジン　マツバラクリニックジュンカンキカナイカ,,無床診療所,352080,,山口県岩国市平田5丁目42番17号,山口県,岩国市平田5丁目42番17号,,,,34.139369,132.191571,,,0827-31-5566,,0827-31-6276,,,,,8.25001E+12,医療法人　松原クリニック,3510812286,月火水木金土,9:00:00,18:00:00,木曜日と土曜日は午前の診療。祝日、8/13～16、12/29～1/3は休診。,,内科、循環器科,0,,,http://matsubara-cl.jp/,,,記載内容は令和６年11月1日現在のものです。診療日や時間が変更となっている場合があります。また、診療科によって診療終了時間が異なる場合があるので、詳細は各医療機関にお問い合わせください。
352080,400063,山口県岩国市,マサキ外科肛門科,マサキゲカコウモンカ,,有床診療所,352080,,山口県岩国市麻里布町5丁目3-12,山口県,岩国市麻里布町5丁目3-12,,,,34.174197,132.223884,,,0827-22-0088,,0827-22-8877,,,,,,,3510811478,月火水木金土,9:00:00,17:45:00,木曜日と土曜日は午前の診療。祝日、8/13～15、12/31～1/3は休診。,,胃腸科、外科、整形外科、皮膚科、肛門科、麻酔科,8,,,,,,記載内容は令和６年11月1日現在のものです。診療日や時間が変更となっている場合があります。また、診療科によって診療終了時間が異なる場合があるので、詳細は各医療機関にお問い合わせください。
352080,400065,山口県岩国市,医療法人 増田耳鼻咽喉科,イリョウホウジン　マスダジビインコウカ,,無床診療所,352080,,山口県岩国市尾津町2丁目19番10号,山口県,岩国市尾津町2丁目19番10号,,,,34.138549,132.207888,,,0827-31-8231,,0827-31-8271,,,,,5.25001E+12,医療法人　増田耳鼻咽喉科,3510812526,月火水金土,9:00:00,17:00:00,土曜日は午前の診療。祝日は休診。,,耳鼻咽喉科,0,,,,,,記載内容は令和６年11月1日現在のものです。診療日や時間が変更となっている場合があります。また、診療科によって診療終了時間が異なる場合があるので、詳細は各医療機関にお問い合わせください。
352080,400066,山口県岩国市,まるひさ眼科,マルヒサガンカ,,無床診療所,352080,,山口県岩国市尾津町2丁目14番59号,山口県,岩国市尾津町2丁目14番59号,,,,34.141288,132.211389,,,0827-34-5333,,0827-34-5222,,,,,6.25001E+12,医療法人一心会,3510812450,月火水木金土,8:30:00,17:00:00,火～木曜日と土曜日は午前の診療。祝日は休診。,,眼科,0,,,https://maruhisa-eyeclinic.jp/customer/,,,記載内容は令和６年11月1日現在のものです。診療日や時間が変更となっている場合があります。また、診療科によって診療終了時間が異なる場合があるので、詳細は各医療機関にお問い合わせください。
352080,400068,山口県岩国市,まつうら内科,マツウラナイカ,,無床診療所,352080,,山口県岩国市岩国4丁目7番23号,山口県,岩国市岩国4丁目7番23号,,,,34.165001,132.185235,,,0827-43-1248,,0827-43-3093,,,,,9.25001E+12,医療法人社団　松浦胃腸科,3510812666,月火水木金土,9:00:00,17:30:00,木曜日と土曜日は午前の診療。祝日、5/3～6、8/15、12/30～1/3は休診。,,内科、消化器科,0,,,https://www.matsuura-naika.com/,,,記載内容は令和６年11月1日現在のものです。診療日や時間が変更となっている場合があります。また、診療科によって診療終了時間が異なる場合があるので、詳細は各医療機関にお問い合わせください。
352080,400069,山口県岩国市,まつい内科クリニック,マツイナイカクリニック,,無床診療所,352080,,山口県岩国市山手町1丁目22番25号,山口県,岩国市山手町1丁目22番25号,,,,34.168382,132.214604,,,0827-30-1200,,0827-30-1201,,,,,8.25001E+12,医療法人　芳心会,3510812856,月火水木金土,9:00:00,18:00:00,木曜日と土曜日は午前の診療。祝日、12/30～1/3は休診。,,内科、循環器内科、呼吸器内科,0,,,http://www.matsui-naika.jp/,,,記載内容は令和６年11月1日現在のものです。診療日や時間が変更となっている場合があります。また、診療科によって診療終了時間が異なる場合があるので、詳細は各医療機関にお問い合わせください。
352080,400072,山口県岩国市,みい眼科,ミイガンカ,,無床診療所,352080,,山口県岩国市中津町1丁目20番28号,山口県,岩国市中津町1丁目20番28号,,,,34.153317,132.215196,,,0827-30-3131,,0827-30-3132,,,,,,,3510812534,月火水木金土,8:40:00,18:00:00,木曜日と土曜日は午前の診療。ただし、第4木曜日は午後の外来診療あり。火曜日と水曜日は手術日のため午後の外来診療はなし。祝日と第4土曜日は休診。,,眼科,0,,,http://www.mii-ganka.com/,,,記載内容は令和６年11月1日現在のものです。診療日や時間が変更となっている場合があります。また、診療科によって診療終了時間が異なる場合があるので、詳細は各医療機関にお問い合わせください。
352080,400073,山口県岩国市,医療法人 村重内科医院,イリョウホウジン　ムラシゲナイカイイン,,無床診療所,352080,,山口県岩国市中津町3丁目2番19号,山口県,岩国市中津町3丁目2番19号,,,,34.153924,132.219456,,,0827-21-8081,,0827-21-8003,,,,,4.25001E+12,医療法人　村重内科医院,3510812153,月火水木金土,9:00:00,18:00:00,木曜日と土曜日は午前の診療。祝日、8/14～16、12/29～1/3は休診。,,内科、消化器科,0,,,,,,記載内容は令和６年11月1日現在のものです。診療日や時間が変更となっている場合があります。また、診療科によって診療終了時間が異なる場合があるので、詳細は各医療機関にお問い合わせください。
352080,400074,山口県岩国市,村岡整形外科,ムラオカセイケイゲカ,,有床診療所,352080,,山口県岩国市山手町1丁目6番20号,山口県,岩国市山手町1丁目6番20号,,,,34.169878,132.217179,,,0827-22-2181,,0827-22-2182,,,,,,,3510811320,月火水木金土,9:00:00,18:00:00,土曜日は午前の診療。祝日、8/13～16、12/30～1/3は休診。,,整形外科、理学診療科,0,,,http://website2.infomity.net/8080508/,,,記載内容は令和６年11月1日現在のものです。診療日や時間が変更となっている場合があります。また、診療科によって診療終了時間が異なる場合があるので、詳細は各医療機関にお問い合わせください。
352080,400075,山口県岩国市,医療法人社団はじめ会 森脇整形外科医院,イリョウホウジンシャダン　ハジメカイ　モリワキセイケイゲカイイン,,無床診療所,352080,,山口県岩国市尾津町2丁目23番14号,山口県,岩国市尾津町2丁目23番14号,,,,34.137743,132.207314,,,0827-31-1234,,0827-31-1299,,,,,6.25001E+12,医療法人社団　はじめ会,3510811338,月火水木金土,9:00:00,18:00:00,木曜日と土曜日は午前の診療。祝日、8/12・13、12/29～1/3は休診。,,整形外科、リハビリテーション科、リウマチ科,0,,,,,,記載内容は令和６年11月1日現在のものです。診療日や時間が変更となっている場合があります。また、診療科によって診療終了時間が異なる場合があるので、詳細は各医療機関にお問い合わせください。
352080,400077,山口県岩国市,毛利小児科,モウリショウニカ,,無床診療所,352080,,山口県岩国市山手町2丁目18番8号,山口県,岩国市山手町2丁目18番8号,,,,34.165026,132.213224,,,0827-23-6677,,0827-23-6678,,,,,9.25001E+12,医療法人社団　毛利小児科,3510812617,月火水木金土,9:00:00,18:00:00,木曜日と土曜日は午前の診療。14:00～15:00は予防接種、乳児健診。午後の一般診察は15:00から受付、診察開始。祝日は休診。,,小児科,0,,,,,,記載内容は令和６年11月1日現在のものです。診療日や時間が変更となっている場合があります。また、診療科によって診療終了時間が異なる場合があるので、詳細は各医療機関にお問い合わせください。
352080,400078,山口県岩国市,医療法人社団まりふ会 森脇神経科・内科医院,イリョウホウジンシャダン　マリフカイ　モリワキシンケイカナイカイイン,,無床診療所,352080,,山口県岩国市今津町1丁目11番23号,山口県,岩国市今津町1丁目11番23号,,,,34.166741,132.220713,,,0827-21-1558,,0827-21-4338,,,,,7.25001E+12,医療法人社団　まりふ会,3510812021,月火水木金土,9:00:00,18:00:00,木曜日と土曜日は午前の診療。祝日、8/12～13、12/29～1/3は休診。,,内科、精神科、神経内科、心療内科,0,,,http://marifukai.com/moriwaki.html,,,記載内容は令和６年11月1日現在のものです。診療日や時間が変更となっている場合があります。また、診療科によって診療終了時間が異なる場合があるので、詳細は各医療機関にお問い合わせください。
352080,400080,山口県岩国市,やすだクリニック,ヤスダクリニック,,無床診療所,352080,,山口県岩国市今津町4丁目4番19号,山口県,岩国市今津町4丁目4番19号,,,,34.165481,132.216088,,,0827-21-1110,,0827-21-7339,,,,,4.25001E+12,医療法人社団　慈愛会,3510811635,月火水木金土,9:00:00,18:00:00,木曜日と土曜日は午前の診療。祝日、8/13～16、12/28～1/5は休診。,,内科、循環器科,0,,,https://yasudacl.jp/,,,記載内容は令和６年11月1日現在のものです。診療日や時間が変更となっている場合があります。また、診療科によって診療終了時間が異なる場合があるので、詳細は各医療機関にお問い合わせください。
352080,400082,山口県岩国市,やましたクリニック,ヤマシタクリニック,,無床診療所,352080,,山口県岩国市尾津町1丁目12番29号,山口県,岩国市尾津町1丁目12番29号,,,,34.14384,132.212501,,,0827-34-0303,,0827-34-0304,,,,,,,3510812302,月火水木金土日,9:00:00,19:00:00,水曜日と日曜日と祝日は午前の診療。,,内科、胃腸内科、肛門科、消化器内視鏡内科,0,,,http://yamashita-clinic-iwakuni.com/,,,記載内容は令和６年11月1日現在のものです。診療日や時間が変更となっている場合があります。また、診療科によって診療終了時間が異なる場合があるので、詳細は各医療機関にお問い合わせください。
352080,400083,山口県岩国市,医療法人　やすおか皮フ科クリニック,イリョウホウジン　ヤスオカヒフカクリニック,,無床診療所,352080,,山口県岩国市山手町2丁目18番12号,山口県,岩国市山手町2丁目18番12号,,,,34.16491,132.212838,,,0827-29-1112,,0827-29-1113,,,,,8.25001E+12,医療法人　やすおか皮フ科クリニック,3510812427,月火水金土,9:00:00,18:00:00,土曜日は午前の診療。火曜日の午後は手術のため、一般診療開始時刻が15時。祝日は休診。,,皮膚科、アレルギー科,0,,,,,,記載内容は令和６年11月1日現在のものです。診療日や時間が変更となっている場合があります。また、診療科によって診療終了時間が異なる場合があるので、詳細は各医療機関にお問い合わせください。
352080,400085,山口県岩国市,医療法人 横田内科医院,イリョウホウジン　ヨコタナイカイイン,,無床診療所,352080,,山口県岩国市南岩国町4丁目57番10号,山口県,岩国市南岩国町4丁目57番10号,,,,34.131099,132.197499,,,0827-32-1500,,0827-32-1519,,,,,4.25001E+12,医療法人　横田内科医院,3510812419,月火水木金土,9:00:00,18:00:00,木曜日と土曜日は午前の診療。祝日、8/13～15、12/30～1/4は休診。,,消火器内科,0,,,,,,記載内容は令和６年11月1日現在のものです。診療日や時間が変更となっている場合があります。また、診療科によって診療終了時間が異なる場合があるので、詳細は各医療機関にお問い合わせください。
352080,400086,山口県岩国市,医療法人 吉岡耳鼻咽喉科,イリョウホウジン　ヨシオカジビインコウカ,,無床診療所,352080,,山口県岩国市南岩国町1丁目30番19号,山口県,岩国市南岩国町1丁目30番19号,,,,34.136082,132.200235,,,0827-32-4133,,0827-32-4134,,,,,1.25001E+12,医療法人　吉岡耳鼻咽喉科,3510811858,月火水木金土,9:00:00,17:30:00,木曜日は午前の診療。土曜日の午後は16:30までの診療。祝日は休診。,,耳鼻咽喉科,0,,,,,,記載内容は令和６年11月1日現在のものです。診療日や時間が変更となっている場合があります。また、診療科によって診療終了時間が異なる場合があるので、詳細は各医療機関にお問い合わせください。
352080,400087,山口県岩国市,鷲田医院,ワシダイイン,,無床診療所,352080,,山口県岩国市麻里布町7丁目15番1号,山口県,岩国市麻里布町7丁目15番1号,,,,34.171486,132.215687,,,0827-24-1108,,0827-22-9353,,,,,8.25001E+12,医療法人社団　育明会,3510812187,月火水木金土,9:00:00,13:00:00,祝日、8/13～15、12/30～1/3は休診。,,内科、胃腸科、外科、麻酔科,0,,,http://www.ikumeikai.jp/,,,記載内容は令和６年11月1日現在のものです。診療日や時間が変更となっている場合があります。また、診療科によって診療終了時間が異なる場合があるので、詳細は各医療機関にお問い合わせください。
352080,400088,山口県岩国市,にしみ内科クリニック,ニシミナイカクリニック,,無床診療所,352080,,山口県岩国市錦見6丁目14番31号,山口県,岩国市錦見6丁目14番31号,,,,34.164282,132.196209,,,0827-44-2437,,0827-44-2525,,,,,3.25001E+12,医療法人にしみ内科クリニック,3510812849,月火水木金土,9:00:00,18:00:00,木曜日と土曜日は午前の診療。祝日、8/13～15、12/30～1/3は休診。,,内科、消化器科、内視鏡内科,0,,,http://nishimi-naika.com/,,,記載内容は令和６年11月1日現在のものです。診療日や時間が変更となっている場合があります。また、診療科によって診療終了時間が異なる場合があるので、詳細は各医療機関にお問い合わせください。
352080,400089,山口県岩国市,やまもとハートクリニック,ヤマモトハートクリニック,,無床診療所,352080,,山口県岩国市牛野谷町2丁目25番15号,山口県,岩国市牛野谷町2丁目25番15号,,,,34.153641,132.201391,,,0827-32-8100,,0827-32-8100,,,,,,,3510812765,月火水木金土,8:30:00,17:00:00,水曜日と土曜日は午前の診療。祝日は休診。,,内科、循環器科,0,,,,,,記載内容は令和６年11月1日現在のものです。診療日や時間が変更となっている場合があります。また、診療科によって診療終了時間が異なる場合があるので、詳細は各医療機関にお問い合わせください。
352080,400091,山口県岩国市,南岩国たにおか内科クリニック,ミナミイワクニタニオカナイカクリニック,,無床診療所,352080,,山口県岩国市南岩国町1丁目14-24,山口県,岩国市南岩国町1丁目14-24,,,,34.135114,132.204658,,,0827-34-3300,,0827-34-3301,,,,,,,3510812781,月火水木金土,9:00:00,18:00:00,木曜日と土曜日は午前の診療。祝日は休診。,,内科、消化器内科、内視鏡内科,0,,,https://www.tanioka-clinic.jp/,,,記載内容は令和６年11月1日現在のものです。診療日や時間が変更となっている場合があります。また、診療科によって診療終了時間が異なる場合があるので、詳細は各医療機関にお問い合わせください。
352080,400092,山口県岩国市,はせがわクリニック,ハセガワクリニック,,無床診療所,352080,,山口県岩国市山手町1丁目10番7号,山口県,岩国市山手町1丁目10番7号,,,,34.168385,132.218208,,,0827-21-1117,,0827-21-1207,,,,,9.25001E+12,医療法人　栄德会,3510812898,月火水木金土,9:00:00,18:00:00,水曜日と土曜日は午前の診療。祝日、12/29～1/3は休診。,,内科、循環器内科,0,,,https://hasegawa-med.com/,,,記載内容は令和６年11月1日現在のものです。診療日や時間が変更となっている場合があります。また、診療科によって診療終了時間が異なる場合があるので、詳細は各医療機関にお問い合わせください。
352080,400093,山口県岩国市,じんこどもクリニック,ジンコドモクリニック,,無床診療所,352080,,山口県岩国市南岩国町1丁目30番9号,山口県,岩国市南岩国町1丁目30番9号,,,,34.13606,132.201409,,,0827-31-8111,,0827-31-8112,,,,,,,3510812807,月火水木金土,9:00:00,18:00:00,水曜日は午前の診療。土曜日の午後は完全予約制で、15:00まで。祝日、第4土曜日、12/29～1/3は休診。,,小児科,0,,,https://www.jin-kodomo-c.com/,,,記載内容は令和６年11月1日現在のものです。診療日や時間が変更となっている場合があります。また、診療科によって診療終了時間が異なる場合があるので、詳細は各医療機関にお問い合わせください。
352080,400181,山口県岩国市,やまもと耳鼻咽喉科クリニック,ヤマモトジビインコウカクリニック,,無床診療所,352080,,山口県岩国市麻里布町６丁目９－１９,山口県,岩国市麻里布町６丁目９－１９,,,,34.16902,132.219075,,,0827-35-4587,,0827-35-4588,,,,,,,3510812864,月火木金土,9:00:00,18:00:00,土曜日と祝日は午前の診療。12/29～1/3は休診。,,耳鼻咽喉科、麻酔科,0,,,https://tyamamoto-ent.jp,,,記載内容は令和６年11月1日現在のものです。診療日や時間が変更となっている場合があります。また、診療科によって診療終了時間が異なる場合があるので、詳細は各医療機関にお問い合わせください。
352080,400182,山口県岩国市,さくらぎ循環器内科クリニック,サクラギジュンカンキナイカクリニック,,無床診療所,352080,,山口県岩国市麻里布町７丁目２－１８,山口県,岩国市麻里布町７丁目２－１８,,,,34.17215,132.218477,,,0827-35-5011,,0827-35-6110,,,,,3.25001E+12,医療法人さくらぎ循環器・内科クリニック,3510812872,月火水木金土,9:00:00,18:00:00,水曜日と土曜日は午前の診療。祝日は休診。,,内科、循環器内科,0,,,https://sakuragi-cardiol-clinic.com/,,,記載内容は令和６年11月1日現在のものです。診療日や時間が変更となっている場合があります。また、診療科によって診療終了時間が異なる場合があるので、詳細は各医療機関にお問い合わせください。
352080,400183,山口県岩国市,岩国おりた脳神経クリニック,イワクニオリタノウシンケイクリニック,,無床診療所,352080,,山口県岩国市今津町1丁目９－２６,山口県,岩国市今津町1丁目９－２６,,,,34.167736,132.220424,,,0827-28-6767,,0827-28-6769,,,,,2.25001E+12,医療法人　彩祥会,3510812880,月火水木金土,9:00:00,18:00:00,水曜日と土曜日は午前の診療。祝日、12/29～1/3は休診。,,脳神経内科、脳神経外科,0,,,https://iwakuniorita-noucl.com/,,,記載内容は令和６年11月1日現在のものです。診療日や時間が変更となっている場合があります。また、診療科によって診療終了時間が異なる場合があるので、詳細は各医療機関にお問い合わせください。
352080,400184,山口県岩国市,鈴川内科クリニック,スズカワナイカクリニック,,無床診療所,352080,,山口県岩国市門前町3丁目１１－３,山口県,岩国市門前町3丁目１１－３,,,,34.148765,132.215663,,,0827-35-5086,,0827-35-5128,,,,,9.25001E+12,医療法人鈴川内科クリニック,3510812914,月火水木金土,9:00:00,18:00:00,木曜日と土曜日は午前の診療。祝日、8/13～16、12/29～1/3は休診。,,内科、糖尿病内科、血液内科、内分泌内科,0,,,https://suzukawa-cl.com/,,,記載内容は令和６年11月1日現在のものです。診療日や時間が変更となっている場合があります。また、診療科によって診療終了時間が異なる場合があるので、詳細は各医療機関にお問い合わせください。
352080,400094,山口県岩国市,伊原内科消化器科,イハラナイカショウカキカ,,無床診療所,352080,,山口県岩国市由宇町由宇崎4番1号,山口県,岩国市由宇町由宇崎4番1号,,,,34.036875,132.216797,,,0827-63-3300,,0827-63-3300,,,,,8.25001E+12,医療法人　伊原内科消化器科,3517211128,月火水木金土,9:00:00,18:00:00,木曜日と土曜日は午前の診療。祝日は休診。,,内科、消化器科,0,,,,,,記載内容は令和６年11月1日現在のものです。診療日や時間が変更となっている場合があります。また、診療科によって診療終了時間が異なる場合があるので、詳細は各医療機関にお問い合わせください。
352080,400095,山口県岩国市,医療法人　久米医院,イリョウホウジン　クメイイン,,無床診療所,352080,,山口県岩国市由宇町中央1丁目12番5号,山口県,岩国市由宇町中央1丁目12番5号,,,,34.045369,132.210434,,,0827-63-0123,,0827-63-0235,,,,,7.25001E+12,医療法人　久米医院,3517211193,月火水木金土,9:00:00,18:00:00,木曜日と土曜日は午前の診療。祝日は休診。,,内科、循環器科,0,,,,,,記載内容は令和６年11月1日現在のものです。診療日や時間が変更となっている場合があります。また、診療科によって診療終了時間が異なる場合があるので、詳細は各医療機関にお問い合わせください。
352080,400096,山口県岩国市,川田クリニック,カワタクリニック,,有床診療所,352080,,山口県岩国市玖珂町5059番地,山口県,岩国市玖珂町5059番地,,,,34.093868,132.082616,,,0827-82-6660,,0827-82-4896,,,,,,,3517211011,月火水金土,9:00:00,18:00:00,土曜日は午前の診療。祝日、8/14～16、12/29～1/3は休診。,,内科、小児科、眼科、放射線科,9,,,,,,記載内容は令和６年11月1日現在のものです。診療日や時間が変更となっている場合があります。また、診療科によって診療終了時間が異なる場合があるので、詳細は各医療機関にお問い合わせください。
352080,400097,山口県岩国市,医療法人社団　玖珂クリニック,イリョウホウジンシャダン　クガクリニック,,有床診療所,352080,,山口県岩国市玖珂町5144番地2,山口県,岩国市玖珂町5144番地2,,,,34.087957,132.081879,,,0827-82-6611,,0827-82-6610,,,,,4.25001E+12,医療法人社団　玖珂クリニック,3510812575,月火水木金土,9:00:00,18:00:00,木曜日と土曜日は午前の診療。祝日、8/13～16、12/30～1/3は休診。,,内科、泌尿器科、リハビリテーション科、放射線科,0,,,,,,記載内容は令和６年11月1日現在のものです。診療日や時間が変更となっている場合があります。また、診療科によって診療終了時間が異なる場合があるので、詳細は各医療機関にお問い合わせください。
352080,400098,山口県岩国市,田所医院,タドコロイイン,,無床診療所,352080,,山口県岩国市玖珂町6162番地,山口県,岩国市玖珂町6162番地,,,,34.092852,132.073085,,,0827-82-5051,,0827-82-5051,,,,,,,3517210773,月火水木金土,9:00:00,18:00:00,祝日、12/31～1/3は休診。,,内科、小児科、消化器内科,0,,,,,,記載内容は令和６年11月1日現在のものです。診療日や時間が変更となっている場合があります。また、診療科によって診療終了時間が異なる場合があるので、詳細は各医療機関にお問い合わせください。
352080,400099,山口県岩国市,はぐま耳鼻咽喉科医院,ハグマジビインコウカイイン,,無床診療所,352080,,山口県岩国市玖珂町5050番地の5,山口県,岩国市玖珂町5050番地の5,,,,34.092776,132.083187,,,0827-82-5050,,0827-82-6665,,,,,4.25001E+12,医療法人　はぐま会,3517211045,火木金,9:00:00,18:00:00,火曜日は午前の診療。木曜日は15:30～18:00の診療。祝日、8/14～16、12/31～1/3は休診。,,耳鼻咽喉科、内科、外科、心療内科,0,,,,,,記載内容は令和６年11月1日現在のものです。診療日や時間が変更となっている場合があります。また、診療科によって診療終了時間が異なる場合があるので、詳細は各医療機関にお問い合わせください。
352080,400100,山口県岩国市,八木クリニック,ヤギクリニック,,有床診療所,352080,,山口県岩国市玖珂町829番地1,山口県,岩国市玖珂町829番地1,,,,34.096721,132.08464,,,0827-82-1212,,0827-82-1211,,,,,2.25001E+12,医療法人　治奈会,3517211169,月火水木金土,9:00:00,17:00:00,木曜日と土曜日は午前の診療。祝日、8/15、1/1は休診。,,内科、婦人科,3,,,http://www.yagiclinic.jp/htm/,,,記載内容は令和６年11月1日現在のものです。診療日や時間が変更となっている場合があります。また、診療科によって診療終了時間が異なる場合があるので、詳細は各医療機関にお問い合わせください。
352080,400101,山口県岩国市,山下内科医院,ヤマシタナイカイイン,,無床診療所,352080,,山口県岩国市玖珂町558番地22,山口県,岩国市玖珂町558番地22,,,,34.097132,132.081007,,,0827-81-0050,,0827-81-0051,,,,,8.25001E+12,医療法人　山下内科医院,3517211177,月火水木金土,9:00:00,18:00:00,木曜日と土曜日は午前の診療。第3土曜日、祝日、8/13～15、12/29～1/3は休診。,,内科、呼吸器科、消化器科、循環器科、放射線科,0,,,,,,記載内容は令和６年11月1日現在のものです。診療日や時間が変更となっている場合があります。また、診療科によって診療終了時間が異なる場合があるので、詳細は各医療機関にお問い合わせください。
352080,400102,山口県岩国市,岩国市立本郷診療所,イワクニシリツホンゴウシンリョウショ,,無床診療所,352080,,山口県岩国市本郷町本郷2100-1,山口県,岩国市本郷町本郷2100-1,,,,34.294475,132.040606,,,0827-75-2770,,0827-75-2780,,,,,,岩国市長,3517211094,月火木金,9:00:00,17:00:00,月曜日と火曜日は午後の診療。木曜の午後は往診・訪問診療。祝日、12/29～1/3は休診。,,内科、外科、小児科,0,,,https://www.city.iwakuni.lg.jp/map/13467.html,,,記載内容は令和６年11月1日現在のものです。診療日や時間が変更となっている場合があります。また、診療科によって診療終了時間が異なる場合があるので、詳細は各医療機関にお問い合わせください。
352080,400103,山口県岩国市,岩本医院,イワモトイイン,,有床診療所,352080,,山口県岩国市周東町下久原2480番地1,山口県,岩国市周東町下久原2480番地1,,,,34.093286,132.052354,,,0827-84-0011,,0827-84-3445,,,,,5.25001E+12,医療法人　淳心会,3511510830,月火水木金土,8:30:00,17:30:00,木曜日と土曜日は午前の診療。祝日、8/12～15、12/29～1/3は休診。,,内科、リハビリテーション科、心療内科、小児科、眼科、放射線科、精神科,2,,,http://www.iwhospital.com/,,,記載内容は令和６年11月1日現在のものです。診療日や時間が変更となっている場合があります。また、診療科によって診療終了時間が異なる場合があるので、詳細は各医療機関にお問い合わせください。
352080,400104,山口県岩国市,河郷診療所,カワサトシンリョウショ,,無床診療所,352080,,山口県岩国市周東町祖生5719番地2,山口県,岩国市周東町祖生5717番地5,,,,34.0744309,132.1065895,,,0827-85-0010,,0827-85-0904,,,,,9.25001E+12,医療法人社団　河郷診療所,3517210906,月火水木金土,8:30:00,17:30:00,木曜日と土曜日は午前の診療。第3土曜日、祝日、8/14～16、12/29～1/4は休診。,,内科、循環器内科、呼吸器内科、消化器内科,0,,,https://kawasato.or.jp/,,,記載内容は令和６年11月1日現在のものです。診療日や時間が変更となっている場合があります。また、診療科によって診療終了時間が異なる場合があるので、詳細は各医療機関にお問い合わせください。
352080,400105,山口県岩国市,小林医院,コバヤシイイン,,無床診療所,352080,,山口県岩国市周東町西長野1658番地,山口県,岩国市周東町西長野1658番地,,,,34.090162,132.005366,,,0827-84-0613,,0827-84-3231,,,,,,,3517210849,月火木金土,8:30:00,18:00:00,土曜日は午前の診療。祝日、8/13～15、12/29～1/3は休診。,,内科、麻酔科,0,,,,,,記載内容は令和６年11月1日現在のものです。診療日や時間が変更となっている場合があります。また、診療科によって診療終了時間が異なる場合があるので、詳細は各医療機関にお問い合わせください。
352080,400106,山口県岩国市,岩国市立周東中田診療所,イワクニシリツシュウトウナカタシンリョウショ,,無床診療所,352080,,山口県岩国市周東町田尻756-4,山口県,岩国市周東町田尻756-4,,,,34.024707,132.057573,,,0827-84-3131,,,,,,,,岩国市長,3517210716,水,13:00:00,15:00:00,祝日、12/29～1/3は休診。,,内科,0,,,https://www.city.iwakuni.lg.jp/map/13466.html,,,記載内容は令和６年11月1日現在のものです。診療日や時間が変更となっている場合があります。また、診療科によって診療終了時間が異なる場合があるので、詳細は各医療機関にお問い合わせください。
352080,400107,山口県岩国市,たかもり眼科,タカモリガンカ,,無床診療所,352080,,山口県岩国市周東町下久原1147番地7,山口県,岩国市周東町下久原1147番地7,,,,34.093141,132.052349,,,0827-83-1110,,0827-83-1140,,,,,1.25001E+12,医療法人　清樹会,3510812773,月火水木金土,8:30:00,17:15:00,火曜日と土曜日は午前の診療。第4木曜日、祝日は休診。,,内科、眼科,0,,,,,,記載内容は令和６年11月1日現在のものです。診療日や時間が変更となっている場合があります。また、診療科によって診療終了時間が異なる場合があるので、詳細は各医療機関にお問い合わせください。
352080,400108,山口県岩国市,医療法人頌栄会 松井医院,イリョウホウジン　ショウエイカイ　マツイイイン,,無床診療所,352080,,山口県岩国市周東町下久原1040番地1,山口県,岩国市周東町下久原1040番地1,,,,34.088865,132.052319,,,0827-84-0035,,0827-84-1099,,,,,3.25001E+12,医療法人頌栄会 松井医院,3517211052,月火水木金土,8:30:00,17:30:00,木曜日と土曜日は午前の診療。第3土曜日、祝日、8/13～15、12/29～1/3は休診。,,内科、小児科、整形外科,0,,,,,,記載内容は令和６年11月1日現在のものです。診療日や時間が変更となっている場合があります。また、診療科によって診療終了時間が異なる場合があるので、詳細は各医療機関にお問い合わせください。
352080,400110,山口県岩国市,岩国市立錦宇佐診療所,イワクニシリツニシキウサシンリョウショ,,無床診療所,352080,,山口県岩国市錦町宇佐607-3,山口県,岩国市錦町宇佐607-3,,,,34.424196,132.058874,,,0827-74-0933,,,,,,,,岩国市長,3517210500,金,13:30:00,16:00:00,祝日、12/29～1/3は休診。,,内科,0,,,,,,記載内容は令和６年11月1日現在のものです。診療日や時間が変更となっている場合があります。また、診療科によって診療終了時間が異なる場合があるので、詳細は各医療機関にお問い合わせください。
352080,400113,山口県岩国市,医療法人 福田医院,イリョウホウジン　フクダイイン,,無床診療所,352080,,山口県岩国市美川町南桑2417番地5,山口県,岩国市美川町南桑2417番地5,,,,34.209588,132.023022,,,0827-77-0012,,0827-77-0364,,,,,5.25001E+12,医療法人　福田医院,3517210914,月火水木金土,9:00:00,17:00:00,火曜日と金曜日の午後の外来診療は15:00から。水曜日の13:30～14:00は予防接種、乳幼児健診のため、一般の診察は14:00から。木曜日と土曜日は午前の診療。祝日、8/13～16、12/29～1/4は休診。,,内科、小児科,0,,,,,,記載内容は令和６年11月1日現在のものです。診療日や時間が変更となっている場合があります。また、診療科によって診療終了時間が異なる場合があるので、詳細は各医療機関にお問い合わせください。
352080,400114,山口県岩国市,近藤医院,コンドウイイン,,無床診療所,352080,,山口県岩国市美和町佐坂370番地1,山口県,岩国市美和町佐坂370番地1,,,,34.225231,132.10521,,,0827-95-0070,,0827-95-0071,,,,,5.25001E+12,医療法人社団　近藤医院,3510812609,月火水金土,9:00:00,18:30:00,毎週水曜日の午前は予約検査のみ。土曜日11:45までの診療。祝日、12/30～1/3は休診。,,内科、消化器科,0,,,,,,記載内容は令和６年11月1日現在のものです。診療日や時間が変更となっている場合があります。また、診療科によって診療終了時間が異なる場合があるので、詳細は各医療機関にお問い合わせください。
352080,400115,山口県岩国市,つつい外科クリニック,ツツイゲカクリニック,,無床診療所,352080,,山口県岩国市錦町広瀬1074番地5,山口県,岩国市錦町広瀬1074番地5,,,,34.261276,131.954666,,,0827-72-3020,,0827-72-3021,,,,,,,3510812815,月火水木金,8:30:00,17:00:00,木曜日は午前の診療。平日の午後は訪問診療のため不在になることがある。祝日、12/29～1/3は休診。,,外科、内科,0,,,,,,記載内容は令和６年11月1日現在のものです。診療日や時間が変更となっている場合があります。また、診療科によって診療終了時間が異なる場合があるので、詳細は各医療機関にお問い合わせください。
352080,400117,山口県岩国市,安東歯科医院,アンドウシカイイン,,無床診療所,352080,,山口県岩国市麻里布町6丁目4番9号,山口県,岩国市麻里布町6丁目4番9号,,,,34.169473,132.220547,,,0827-21-3731,,0827-22-6608,,,,,,,3530830227,月火水木金土,9:00:00,18:00:00,土曜日は午前の診療。祝日、8/13～15、12/29～1/3は休診。,,歯科,0,,,,,,記載内容は令和６年11月1日現在のものです。診療日や時間が変更となっている場合があります。また、診療科によって診療終了時間が異なる場合があるので、詳細は各医療機関にお問い合わせください。
352080,400118,山口県岩国市,医療法人社団　安東第二歯科医院,イリョウホウジンシャダン　アンドウダイニシカイイン,,無床診療所,352080,,山口県岩国市麻里布町7丁目2番3号,山口県,岩国市麻里布町7丁目2番3号,,,,34.171888,132.218813,,,0827-22-1241,,0827-22-1242,,,,,3.25001E+12,医療法人社団　安東第二歯科医院,3530831126,月火水金土,9:30:00,18:00:00,土曜日は16:00まで診療。水曜日の午後は往診のため、14:00～17:00は外来が受けられないことがある。祝日、8/14～16、12/30～1/3は休診。,,歯科、小児歯科、矯正歯科,0,,,,,,記載内容は令和６年11月1日現在のものです。診療日や時間が変更となっている場合があります。また、診療科によって診療終了時間が異なる場合があるので、詳細は各医療機関にお問い合わせください。
352080,400120,山口県岩国市,あかざき歯科医院,アカザキシカイイン,,無床診療所,352080,,山口県岩国市藤生町1丁目27番20号,山口県,岩国市藤生町1丁目27番20号,,,,34.111594,132.199935,,,0827-31-7119,,0827-28-2711,,,,,,,3530831084,月火水金土,9:00:00,18:00:00,祝日、8/11～816、12/28～1/5は休診。,,歯科、小児歯科,0,,,https://www.aka-dc.com/,,,記載内容は令和６年11月1日現在のものです。診療日や時間が変更となっている場合があります。また、診療科によって診療終了時間が異なる場合があるので、詳細は各医療機関にお問い合わせください。
352080,400121,山口県岩国市,岩国矯正歯科クリニック,イワクニキョウセイシカクリニック,,無床診療所,352080,,山口県岩国市麻里布町2丁目2番18号,山口県,岩国市麻里布町2丁目2番18号,,,ベルデビル4Ｆ,34.171921,132.223878,,,0827-29-0330,,0827-29-0333,,,,,1.25001E+12,医療法人　岩国矯正歯科クリニック,3530831092,月火木金土日,10:00:00,18:00:00,第2・4日曜日と祝日は休診。,,歯科、矯正歯科,0,,,https://iwakunikyousei.com/,,,記載内容は令和６年11月1日現在のものです。診療日や時間が変更となっている場合があります。また、診療科によって診療終了時間が異なる場合があるので、詳細は各医療機関にお問い合わせください。
352080,400122,山口県岩国市,今津歯科,イマヅシカ,,無床診療所,352080,,山口県岩国市今津町3丁目12番10号,山口県,岩国市今津町3丁目12番10号,,,,34.163468,132.217344,,,0827-29-2050,,0827-29-2040,,,,,,,3530830805,月火木金土,9:00:00,19:30:00,土曜日の午後は16:00まで診療。祝日、8/13～15、12/29～1/4は休診。,,歯科,0,,,,,,記載内容は令和６年11月1日現在のものです。診療日や時間が変更となっている場合があります。また、診療科によって診療終了時間が異なる場合があるので、詳細は各医療機関にお問い合わせください。
352080,400123,山口県岩国市,いずみ歯科医院,イズミシカイイン,,無床診療所,352080,,山口県岩国市車町1丁目9番39号,山口県,岩国市車町1丁目9番39号,,,,34.157808,132.216945,,,0827-29-4618,,0827-29-4619,,,,,,,3530830862,月火水木金土,9:00:00,18:00:00,木曜日と土曜日は午前の診療。祝日、8/14～16、12/30～1/3は休診。,,歯科,0,,,,,,記載内容は令和６年11月1日現在のものです。診療日や時間が変更となっている場合があります。また、診療科によって診療終了時間が異なる場合があるので、詳細は各医療機関にお問い合わせください。
352080,400125,山口県岩国市,岡崎歯科医院,オカザキシカイイン,,無床診療所,352080,,岩国市今津町2丁目10番27号,,岩国市今津町2丁目10番27号,,,,34.169877,132.221929,,,0827-21-0322,,0827-21-0320,,,,,,,3530830508,月火水木金土,9:00:00,18:00:00,木曜日と土曜日は午前の診療。祝日、12/29～1/4は休診。,,歯科、小児歯科、矯正歯科,0,,,https://ok-dc.jp/,,,記載内容は令和６年11月1日現在のものです。診療日や時間が変更となっている場合があります。また、診療科によって診療終了時間が異なる場合があるので、詳細は各医療機関にお問い合わせください。
352080,400126,山口県岩国市,岡田歯科医院,オカダシカイイン,,無床診療所,352080,,山口県岩国市保津町2丁目15-1-1,山口県,岩国市保津町2丁目15-1-1,,,,34.084484,132.208744,,,0827-39-0023,,0827-39-0024,,,,,,,3530830813,月火水木金土,9:30:00,19:00:00,土曜日は午前の診療。祝日、12/29～1/4は休診。,,歯科、小児歯科、矯正歯科、歯科口腔外科,0,,,http://www.okadadc-iwakuni.com/,,,記載内容は令和６年11月1日現在のものです。診療日や時間が変更となっている場合があります。また、診療科によって診療終了時間が異なる場合があるので、詳細は各医療機関にお問い合わせください。
352080,400127,山口県岩国市,かぎとみ歯科,カギトミシカ,,無床診療所,352080,,山口県岩国市三笠町1丁目3番13号,山口県,岩国市三笠町1丁目3番13号,,,,34.166692,132.225978,,,0827-30-1418,,0827-30-1814,,,,,,,3530830870,月火水木金土,9:00:00,18:30:00,土曜日は午前の診療。祝日、12/30～1/4は休診。,,歯科、小児歯科,0,,,https://kagitomi-dental.com/,,,記載内容は令和６年11月1日現在のものです。診療日や時間が変更となっている場合があります。また、診療科によって診療終了時間が異なる場合があるので、詳細は各医療機関にお問い合わせください。
352080,400128,山口県岩国市,くしろ歯科医院,クシロシカイイン,,無床診療所,352080,,山口県岩国市岩国3丁目15番1号,山口県,岩国市岩国3丁目15番1号,,,,34.163628,132.185428,,,0827-41-0946,,0827-41-1013,,,,,,,3530830847,月火水木金土,9:00:00,18:30:00,土曜日は午前の診療。祝日、8/13～15、12/31～1/3は休診。,,歯科、小児歯科、歯科口腔外科,0,,,,,,記載内容は令和６年11月1日現在のものです。診療日や時間が変更となっている場合があります。また、診療科によって診療終了時間が異なる場合があるので、詳細は各医療機関にお問い合わせください。
352080,400129,山口県岩国市,医療法人おひさま　香坂歯科医院,イリョウホウジン　オヒサマ　コウサカシカイイン,,無床診療所,352080,,山口県岩国市南岩国町3丁目24番19号,山口県,岩国市南岩国町3丁目24番19号,,,,34.130578,132.198196,,,0827-31-7391,,0827-31-7399,,,,,1.25001E+12,医療法人　おひさま,3530831068,月火水木金土,9:00:00,18:30:00,土曜日は16:00まで診療。祝日、8/14・15、12/30～1/3は休診。,,歯科、小児歯科、矯正歯科,0,,,http://www.kosaka-d.com/,,,記載内容は令和６年11月1日現在のものです。診療日や時間が変更となっている場合があります。また、診療科によって診療終了時間が異なる場合があるので、詳細は各医療機関にお問い合わせください。
352080,400130,山口県岩国市,こまい歯科,コマイシカイイン,,無床診療所,352080,,山口県岩国市麻里布町3丁目5番18号,山口県,岩国市麻里布町3丁目5番18号,,,,34.169817,132.221969,,,0827-21-2722,,0827-21-2722,,,,,,,3530830763,月火水木金,9:00:00,18:30:00,祝日、８/13～15、12/30～1/4は休診。,,歯科、小児歯科,0,,,,,,記載内容は令和６年11月1日現在のものです。診療日や時間が変更となっている場合があります。また、診療科によって診療終了時間が異なる場合があるので、詳細は各医療機関にお問い合わせください。
352080,400131,山口県岩国市,さきもと歯科クリニック,サキモトシカクリニック,,無床診療所,352080,,山口県岩国市山手町1丁目2-16,山口県,岩国市山手町1丁目2-16,,,,34.170944,132.215359,,,0827-35-4705,,0827-35-4706,,,,,,,3530831050,月火水木金土,9:30:00,18:30:00,木曜日と土曜日は午前の診療。祝日は休診。,,歯科、小児歯科、歯科口腔外科,0,,,https://www.sakimoto-dental.com/,,,記載内容は令和６年11月1日現在のものです。診療日や時間が変更となっている場合があります。また、診療科によって診療終了時間が異なる場合があるので、詳細は各医療機関にお問い合わせください。
352080,400132,山口県岩国市,ささお歯科クリニック,ササオシカクリニック,,無床診療所,352080,,山口県岩国市中津町1丁目23番18号,山口県,岩国市中津町1丁目23番18号,,,,34.15495,132.215693,,,0827-21-0118,,0827-21-0130,,,,,,,3530831027,月火水木金土,9:30:00,19:00:00,木曜日と土曜日は17:00まで診療。また、木曜日と土曜日の午後は、口腔機能障害の専門外来を行っている。祝日、8/13～15、12/29～1/4は休診。,,歯科、小児歯科、歯科口腔外科,0,,,http://www.sasao-dc.com/,,,記載内容は令和６年11月1日現在のものです。診療日や時間が変更となっている場合があります。また、診療科によって診療終了時間が異なる場合があるので、詳細は各医療機関にお問い合わせください。
352080,400133,山口県岩国市,重本歯科医院,シゲモトシカイイン,,無床診療所,352080,,山口県岩国市岩国2丁目2-24,山口県,岩国市岩国2丁目2-24,,,,34.165142,132.182125,,,0827-41-0516,,0827-41-0519,,,,,,,3530831167,月火水木金土,8:30:00,18:30:00,木曜日と土曜日は午前の診療。祝日、8/14～16、12/30～1/3は休診。,,歯科、小児歯科、歯科口腔外科,0,,,http://www.shigemoto-dc.com/,,,記載内容は令和６年11月1日現在のものです。診療日や時間が変更となっている場合があります。また、診療科によって診療終了時間が異なる場合があるので、詳細は各医療機関にお問い合わせください。
352080,400134,山口県岩国市,医療法人社団　塩田歯科医院,イリョウホウジンシャダン　シオタシカイイン,,無床診療所,352080,,山口県岩国市多田969番地の1,山口県,岩国市多田969番地の1,,,,34.1764,132.162841,,,0827-41-0648,,0827-41-3025,,,,,3.25001E+12,医療法人社団　塩田歯科医院,3530330731,月火水木金土,9:00:00,18:30:00,水曜日と土曜日は午前の診療。祝日は休診。,,歯科,0,,,,,,記載内容は令和６年11月1日現在のものです。診療日や時間が変更となっている場合があります。また、診療科によって診療終了時間が異なる場合があるので、詳細は各医療機関にお問い合わせください。
352080,400135,山口県岩国市,小児歯科愛宕,ショウニシカアタゴ,,無床診療所,352080,,山口県岩国市門前町3丁目12番35号,山口県,岩国市門前町3丁目12番35号,,,モンゼン93　2階,34.147833,132.215583,,,0827-31-3167,,0827-31-3167,,,,,,,3530830748,月火水木金土,9:00:00,17:30:00,水曜日と土曜日は午前の診療。祝日、8/13～15、12/28～1/4は休診。,,歯科、小児歯科、矯正歯科,0,,,,,,記載内容は令和６年11月1日現在のものです。診療日や時間が変更となっている場合があります。また、診療科によって診療終了時間が異なる場合があるので、詳細は各医療機関にお問い合わせください。
352080,400136,山口県岩国市,玉田歯科医院,タマダシカイイン,,無床診療所,352080,,山口県岩国市南岩国町1丁目22番28号,山口県,岩国市南岩国町1丁目22番28号,,,,34.132595,132.20317,,,0827-32-1180,,0827-31-9340,,,,,,,3530830656,月火水金土,9:00:00,18:30:00,土曜日は午前の診療。祝日、8/13～16、12/28～1/4は休診。,,歯科,0,,,,,,記載内容は令和６年11月1日現在のものです。診療日や時間が変更となっている場合があります。また、診療科によって診療終了時間が異なる場合があるので、詳細は各医療機関にお問い合わせください。
352080,400137,山口県岩国市,つぼい歯科クリニック　おとなこども矯正歯科,ツボイシカクリニック　オトナコドモキョウセイシカ,,無床診療所,352080,,山口県岩国市南岩国町2丁目78-36,山口県,岩国市南岩国町2丁目78-36,,,,34.138221,132.19209,,,0827-32-7506,,0827-32-7506,,,,,4.25001E+12,医療法人つぼい歯科クリニックおとなこども矯正歯科,3530831191,月火木金土,9:00:00,18:30:00,祝日、8/13～15、12/30～1/3は休診。,,歯科、小児歯科、矯正歯科,0,,,https://tsuboidental.com/,,,記載内容は令和６年11月1日現在のものです。診療日や時間が変更となっている場合があります。また、診療科によって診療終了時間が異なる場合があるので、詳細は各医療機関にお問い合わせください。
352080,400138,山口県岩国市,長谷歯科医院,ナガタニシカイイン,,無床診療所,352080,,山口県岩国市元町2丁目9番11号,山口県,岩国市元町2丁目9番11号,,,,34.169317,132.228752,,,0827-21-1346,,0827-21-1346,,,,,,,3530830730,月火水木金土,9:00:00,18:00:00,土曜日は午前の診療。祝日、8/13～15、12/30～1/4は休診。,,歯科,0,,,,,,記載内容は令和６年11月1日現在のものです。診療日や時間が変更となっている場合があります。また、診療科によって診療終了時間が異なる場合があるので、詳細は各医療機関にお問い合わせください。
352080,400139,山口県岩国市,ながはま歯科クリニック,ナガハマシカクリニック,,無床診療所,352080,,山口県岩国市尾津町2丁目18番3号,山口県,岩国市尾津町2丁目18番3号,,,,34.138842,132.207663,,,0827-31-0151,,0827-31-0226,,,,,4.25001E+12,医療法人　ながはま歯科クリニック,3530831183,月火水木金土,9:00:00,18:30:00,木曜日と土曜日は午前の診療。祝日、8/13～16、12/29～1/4は休診。,,歯科、小児歯科、矯正歯科,0,,,http://www.nagahama-dc.com/,,,記載内容は令和６年11月1日現在のものです。診療日や時間が変更となっている場合があります。また、診療科によって診療終了時間が異なる場合があるので、詳細は各医療機関にお問い合わせください。
352080,400140,山口県岩国市,早野歯科医院,ハヤノシカイイン,,無床診療所,352080,,山口県岩国市麻里布町3丁目4番10号,山口県,岩国市麻里布町3丁目4番10号,,,,34.170608,132.22257,,,0827-24-2355,,0827-24-2155,,,,,,,3530830599,月火木金土,9:30:00,19:00:00,土曜日は午前の診療。祝日、12/30～1/3は休診。,,歯科、小児歯科、矯正歯科、歯科口腔外科,0,,,,,,記載内容は令和６年11月1日現在のものです。診療日や時間が変更となっている場合があります。また、診療科によって診療終了時間が異なる場合があるので、詳細は各医療機関にお問い合わせください。
352080,400141,山口県岩国市,ひろかね歯科クリニック,ヒロカネシカクリニック,,無床診療所,352080,,山口県岩国市元町3丁目10-16,山口県,岩国市元町3丁目10-16,,,,34.169616,132.230574,,,0827-22-0648,,0827-22-6108,,,,,7.25001E+12,医療法人ひろかね歯科クリニック,3530831100,月火木金土,9:00:00,19:00:00,木曜日は18:00まで、土曜日は17:00まで診療。祝日は休診。年末年始、お盆は休診している場合あり。,,歯科、小児歯科、歯科口腔外科,0,,,http://www.hirokane-dental.com/,,,記載内容は令和６年11月1日現在のものです。診療日や時間が変更となっている場合があります。また、診療科によって診療終了時間が異なる場合があるので、詳細は各医療機関にお問い合わせください。
352080,400142,山口県岩国市,ひろち歯科クリニック,ヒロチシカクリニック,,無床診療所,352080,,山口県岩国市車町2丁目16-48,山口県,岩国市車町2丁目16-48,,,,34.157658,132.221505,,,0827-24-4355,,0827-24-4355,,,,,,,3530831076,月火水木金土,9:00:00,18:00:00,水曜日と土曜日は午前の診療。祝日、8/13～15、12/30～1/3は休診。,,歯科、小児歯科,0,,,http://hirochi-shika.jp/,,,記載内容は令和６年11月1日現在のものです。診療日や時間が変更となっている場合があります。また、診療科によって診療終了時間が異なる場合があるので、詳細は各医療機関にお問い合わせください。
352080,400143,山口県岩国市,ひろなか歯科医院,ヒロナカシカイイン,,無床診療所,352080,,山口県岩国市南岩国町3丁目31番25号,山口県,岩国市南岩国町3丁目31番25号,,,,34.133937,132.196905,,,0827-31-4181,,0827-31-4181,,,,,,,3530830664,月火水木金土,9:00:00,18:30:00,土曜日は午前の診療。祝日、8/13～16、12/29～1/3は休診。,,歯科,0,,,,,,記載内容は令和６年11月1日現在のものです。診療日や時間が変更となっている場合があります。また、診療科によって診療終了時間が異なる場合があるので、詳細は各医療機関にお問い合わせください。
352080,400144,山口県岩国市,医療法人社団三美会　藤生歯科センター,イリョウホウジンシャダン　サンビカイ　フジュウシカセンター,,無床診療所,352080,,山口県岩国市黒磯町1丁目1番22号,山口県,岩国市黒磯町1丁目1番22号,,,,34.108268,132.199901,,,0827-31-6318,,0827-32-3365,,,,,5.25001E+12,医療法人社団　三美会,3530830706,月火水木金,8:50:00,17:30:00,第1・3・5土曜日は9:00～13:00まで診療。祝日、8/14・15、12/30～1/4は休診。,,歯科、小児歯科、矯正歯科,0,,,http://www.fuju-shika.com/,,,記載内容は令和６年11月1日現在のものです。診療日や時間が変更となっている場合があります。また、診療科によって診療終了時間が異なる場合があるので、詳細は各医療機関にお問い合わせください。
352080,400145,山口県岩国市,ふじおか歯科,フジオカシカ,,無床診療所,352080,,山口県岩国市山手町1丁目24番12号,山口県,岩国市山手町1丁目24番12号,,,,34.168627,132.213719,,,0827-29-0418,,0827-29-0430,,,,,,,3530830854,月火水木金土,9:00:00,18:30:00,木曜日と土曜日は午前の診療。祝日、8/13～15、12/30～1/3は休診。,,歯科、小児歯科、歯科口腔外科,0,,,,,,記載内容は令和６年11月1日現在のものです。診療日や時間が変更となっている場合があります。また、診療科によって診療終了時間が異なる場合があるので、詳細は各医療機関にお問い合わせください。
352080,400146,山口県岩国市,ホワイト歯科クリニック,ホワイトシカクリニック,,無床診療所,352080,,山口県岩国市今津町4丁目12番19号,山口県,岩国市今津町4丁目12番19号,,,,34.165077,132.213881,,,0827-29-0034,,0827-29-0035,,,,,,,3530830920,月水木金土,9:30:00,19:00:00,土曜日は17:00まで診療。祝日のある週の火曜日は診療。祝日、8/13～15、12/29～1/5は休診。,,歯科、小児歯科、歯科口腔外科,0,,,http://www.whiteshika.jp/,,,記載内容は令和６年11月1日現在のものです。診療日や時間が変更となっている場合があります。また、診療科によって診療終了時間が異なる場合があるので、詳細は各医療機関にお問い合わせください。
352080,400147,山口県岩国市,松浦歯科,マツウラシカ,,無床診療所,352080,,山口県岩国市昭和町2丁目5番14号,山口県,岩国市昭和町2丁目5番14号,,,,34.173607,132.228974,,,0827-23-1818,,0827-23-2367,,,,,,,3530830698,月火水木金土,9:00:00,19:00:00,水曜日は午前、土曜日は12:00までの診療。祝日、12/30～1/4は休診。,,歯科、小児歯科,0,,,http://www.matsuura-dc.net/,,,記載内容は令和６年11月1日現在のものです。診療日や時間が変更となっている場合があります。また、診療科によって診療終了時間が異なる場合があるので、詳細は各医療機関にお問い合わせください。
352080,400149,山口県岩国市,三吉歯科,ミヨシシカ,,無床診療所,352080,,山口県岩国市今津町1丁目6番17号,山口県,岩国市今津町1丁目6番17号,,,,34.167167,132.22152,,,0827-23-1809,,0827-23-1831,,,,,,,3530830649,月火水木金土,9:00:00,18:30:00,土曜日は午前の診療。祝日、8/13～15、12/29～1/3は休診。,,歯科、小児歯科,0,,,,,,記載内容は令和６年11月1日現在のものです。診療日や時間が変更となっている場合があります。また、診療科によって診療終了時間が異なる場合があるので、詳細は各医療機関にお問い合わせください。
352080,400150,山口県岩国市,みちよ歯科医院,ミチヨシカイイン,,無床診療所,352080,,山口県岩国市立石町2丁目2番36号,山口県,岩国市立石町2丁目2番36号,,,ＢＳビル1Ｆ,34.176665,132.226459,,,0827-21-3355,,0827-21-3355,,,,,,,3530830888,月火水木金土,9:30:00,18:00:00,水曜日と土曜日は午前の診療。祝日、8/13～15、12/30～1/3は休診。,,歯科、小児歯科、矯正歯科、歯科口腔外科,0,,,,,,記載内容は令和６年11月1日現在のものです。診療日や時間が変更となっている場合があります。また、診療科によって診療終了時間が異なる場合があるので、詳細は各医療機関にお問い合わせください。
352080,400151,山口県岩国市,むねまさ歯科クリニック,ムネマサシカクリニック,,無床診療所,352080,,山口県岩国市錦見4丁目17番2号,山口県,岩国市錦見4丁目17番2号,,,,34.165508,132.188585,,,0827-43-6480,,0827-43-6480,,,,,,,3530830912,月火水木金土,9:00:00,19:00:00,水曜日と土曜日は午前の診療。祝日、12/29～1/3は休診。,,歯科、小児歯科、矯正歯科、歯科口腔外科,0,,,,,,記載内容は令和６年11月1日現在のものです。診療日や時間が変更となっている場合があります。また、診療科によって診療終了時間が異なる場合があるので、詳細は各医療機関にお問い合わせください。
352080,400152,山口県岩国市,村山歯科クリニック,ムラヤマシカクリニック,,無床診療所,352080,,山口県岩国市平田1丁目37番11号,山口県,岩国市平田1丁目37番11号,,,,34.151727,132.1854,,,0827-28-0648,,0827-28-1182,,,,,,,3530830995,月火水木金土,9:00:00,19:00:00,木曜日と土曜日は午前の診療。祝日、8/13～15、12/29～1/3は休診。,,歯科、小児歯科、矯正歯科、歯科口腔外科,0,,,https://murayama118.com/,,,記載内容は令和６年11月1日現在のものです。診療日や時間が変更となっている場合があります。また、診療科によって診療終了時間が異なる場合があるので、詳細は各医療機関にお問い合わせください。
352080,400153,山口県岩国市,もうこ歯科医院,モウコシカイイン,,無床診療所,352080,,山口県岩国市中津町2丁目13番8号,山口県,岩国市中津町2丁目13番8号,,,,34.155212,132.217671,,,0827-21-4618,,0827-21-8051,,,,,,,3530830789,月火水木金土,9:00:00,18:30:00,土曜日は午前の診療。祝日は休診。,,歯科、小児歯科,0,,,,,,記載内容は令和６年11月1日現在のものです。診療日や時間が変更となっている場合があります。また、診療科によって診療終了時間が異なる場合があるので、詳細は各医療機関にお問い合わせください。
352080,400154,山口県岩国市,もりわき歯科クリニック,モリワキシカクリニック,,無床診療所,352080,,山口県岩国市山手町1丁目16番11号,山口県,岩国市山手町1丁目16番11号,,,,34.166803,132.217521,,,0827-29-2677,,0827-29-2650,,,,,,,3530830896,月火水木金土,9:00:00,18:30:00,木曜日と土曜日は午前の診療。祝日、8/13～15、12/29～1/4は休診。,,歯科、小児歯科、歯科口腔外科,0,,,,,,記載内容は令和６年11月1日現在のものです。診療日や時間が変更となっている場合があります。また、診療科によって診療終了時間が異なる場合があるので、詳細は各医療機関にお問い合わせください。
352080,400155,山口県岩国市,門前町デンタルクリニック,モンゼンマチデンタルクリニック,,無床診療所,352080,,山口県岩国市門前町3丁目22-16,山口県,岩国市門前町3丁目22-16,,,,34.14492,132.212661,,,0827-32-2355,,0827-32-2355,,,,,,,3530831043,月火水木金土,9:30:00,18:00:00,土曜日は午前の診療。祝日、8/14～16、12/29～1/4は休診。,,歯科、小児歯科、矯正歯科、歯科口腔外科,0,,,http://monzendental.com/,,,記載内容は令和６年11月1日現在のものです。診療日や時間が変更となっている場合があります。また、診療科によって診療終了時間が異なる場合があるので、詳細は各医療機関にお問い合わせください。
352080,400156,山口県岩国市,安田歯科,ヤスダシカ,,無床診療所,352080,,山口県岩国市車町2丁目7番26号,山口県,岩国市車町2丁目7番26号,,,,34.155427,132.218649,,,0827-21-1407,,0827-21-1437,,,,,,,3530830367,月火水木金土,9:00:00,19:00:00,木曜日と土曜日は午前の診療。祝日、8/13～15、12/30～1/3は休診。,,歯科、小児歯科,0,,,http://yasuda-dent.com/,,,記載内容は令和６年11月1日現在のものです。診療日や時間が変更となっている場合があります。また、診療科によって診療終了時間が異なる場合があるので、詳細は各医療機関にお問い合わせください。
352080,400158,山口県岩国市,医療法人山元歯科医院,イリョウホウジン　ヤマモトシカイイン,,無床診療所,352080,,山口県岩国市山手町1丁目9番18号,山口県,岩国市山手町1丁目9番18号,,,スオミハイツ1Ｆ,34.169282,132.217545,,,0827-21-1180,,0827-21-5733,,,,,9.25001E+12,医療法人山元歯科医院,3530831142,月火水金土,9:00:00,18:00:00,祝日、8/13～16、12/29～1/5は休診。週の内に連休がある場合は木曜日の診療を行う。,,歯科、小児歯科,0,,,http://y-dental.blogdehp.ne.jp/,,,記載内容は令和６年11月1日現在のものです。診療日や時間が変更となっている場合があります。また、診療科によって診療終了時間が異なる場合があるので、詳細は各医療機関にお問い合わせください。
352080,400159,山口県岩国市,吉田歯科矯正歯科医院,ヨシダシカキョウセイシカイイン,,無床診療所,352080,,山口県岩国市岩国2丁目17番27号,山口県,岩国市岩国2丁目17番27号,,,,34.164601,132.182911,,,0827-41-0789,,0827-41-0783,,,,,,,3530830987,月火水木金土,9:00:00,19:00:00,木曜日は午前、土曜日は16:00まで診療。土曜日の午後は休診の場合あり。祝日は休診。年末年始、お盆は休診の場合あり。,,歯科、小児歯科、矯正歯科,0,,,http://410789.com/,,,記載内容は令和６年11月1日現在のものです。診療日や時間が変更となっている場合があります。また、診療科によって診療終了時間が異なる場合があるので、詳細は各医療機関にお問い合わせください。
352080,400161,山口県岩国市,ヨネダ歯科クリニック,ヨネダシカクリニック,,無床診療所,352080,,山口県岩国市三笠町2丁目1番21号,山口県,岩国市三笠町2丁目1番21号,,,,34.168839,132.228001,,,0827-23-0118,,0827-23-0126,,,,,,,3530830961,月火水木金,9:00:00,18:30:00,祝日、12/30～1/4は休診。,,歯科,0,,,http://www.dental-yoneda.com/,,,記載内容は令和６年11月1日現在のものです。診療日や時間が変更となっている場合があります。また、診療科によって診療終了時間が異なる場合があるので、詳細は各医療機関にお問い合わせください。
352080,400162,山口県岩国市,医療法人社団慈愛会　Ｙａｓｕｄａ　ｄｅｎｔａｌ　ｃｌｉｎｉｃ　ｗｅｓｔ,イリョウホウジンシャダン　ジアイカイ　ヤスダデンタルクリニックウエスト,,無床診療所,352080,,山口県岩国市錦見4丁目8番9号,山口県,岩国市錦見4丁目8番9号,,,,34.162151,132.186359,,,0827-44-2100,,0827-44-2101,,,,,4.25001E+12,医療法人社団　慈愛会,3530831159,月火水木金土,9:00:00,18:30:00,土曜日は午前の診療。祝日、12/31～1/4は休診。,,歯科、小児歯科、口腔外科,0,,,http://yasuda-d-west.com/,,,記載内容は令和６年11月1日現在のものです。診療日や時間が変更となっている場合があります。また、診療科によって診療終了時間が異なる場合があるので、詳細は各医療機関にお問い合わせください。
352080,400185,山口県岩国市,Iwakuni Dental Care,イワクニデンタルケア,,無床診療所,352080,,山口県岩国市尾津町１－６－３４,山口県,岩国市尾津町１－６－３４,,,,34.142215,132.211982,,,0827-35-4915,,,,,,,,,,月火木金土,8:30:00,17:30:00,不定期に休診。12/25～1/3は休診。,,歯科,0,,,http://iwakunidental.com,,,記載内容は令和６年11月1日現在のものです。診療日や時間が変更となっている場合があります。また、診療科によって診療終了時間が異なる場合があるので、詳細は各医療機関にお問い合わせください。
352080,400186,山口県岩国市,ホーム歯科・こども矯正歯科,ホームシカ・コドモキョウセイシカ,,無床診療所,352080,,山口県岩国市川西1-21-30,山口県,岩国市川西1-21-30,,,,34.158569,132.17795,,,0827-35-4366,,0827-35-4366,,,,,1.25001E+12,医療法人りんせい会,3530831209,月火水金土,9:00:00,18:30:00,祝日、8/13～15、12/30～1/3は休診。,,歯科、小児歯科、口腔外科、矯正歯科,0,,,http://home-shika.jp/,,,記載内容は令和６年11月1日現在のものです。診療日や時間が変更となっている場合があります。また、診療科によって診療終了時間が異なる場合があるので、詳細は各医療機関にお問い合わせください。
352080,400163,山口県岩国市,岩国市立本郷歯科診療所,イワクニシリツホンゴウシカシンリョウショ,,無床診療所,352080,,山口県岩国市本郷町本郷2087-1,山口県,岩国市本郷町本郷2087-1,,,,34.294016,132.040244,,,0827-75-2370,,,,,,,,岩国市長,3537230272,火金,9:30:00,16:30:00,祝日、12/29～1/3は休診。,,歯科,0,,,https://www.city.iwakuni.lg.jp/map/13468.html,,,記載内容は令和６年11月1日現在のものです。診療日や時間が変更となっている場合があります。また、診療科によって診療終了時間が異なる場合があるので、詳細は各医療機関にお問い合わせください。
352080,400164,山口県岩国市,たにもと歯科医院,タニモトシカイイン,,無床診療所,352080,,山口県岩国市錦町広瀬6707-7,山口県,岩国市錦町広瀬6707-7,,,,34.264406,131.958938,,,0827-72-2090,,0827-72-2090,,,,,,,3537230454,月火水木金土,8:30:00,19:00:00,木曜日と土曜日は午前の診療。祝日は休診。,,歯科、小児歯科,0,,,,,,記載内容は令和６年11月1日現在のものです。診療日や時間が変更となっている場合があります。また、診療科によって診療終了時間が異なる場合があるので、詳細は各医療機関にお問い合わせください。
352080,400166,山口県岩国市,医療法人社団　松田歯科医院,イリョウホウジンシャダン　マツダシカイイン,,無床診療所,352080,,山口県岩国市美和町渋前1337番地3,山口県,岩国市美和町渋前1337番地3,,,,34.222967,132.09655,,,0827-95-0118,,0827-95-0119,,,,,4.25001E+12,医療法人社団　松田歯科医院,3530231400,月火水木金土,9:00:00,18:30:00,水曜日と土曜日は午前の診療。第3土曜日、祝日、8/13～16、12/30～1/4は休診。,,歯科,0,,,http://www.matsudashika.jp/,,,記載内容は令和６年11月1日現在のものです。診療日や時間が変更となっている場合があります。また、診療科によって診療終了時間が異なる場合があるので、詳細は各医療機関にお問い合わせください。
352080,400167,山口県岩国市,大矢歯科,オオヤシカ,,無床診療所,352080,,山口県岩国市由宇町南2丁目1番36号,山口県,岩国市由宇町南2丁目1番36号,,,,34.043803,132.21234,,,0827-63-1182,,0827-63-5525,,,,,,,3537230264,月火水木金土,9:00:00,19:00:00,土曜日は午前の診療。祝日、8/13～15、12/30～1/3は休診。,,歯科、小児歯科,0,,,,,,記載内容は令和６年11月1日現在のものです。診療日や時間が変更となっている場合があります。また、診療科によって診療終了時間が異なる場合があるので、詳細は各医療機関にお問い合わせください。
352080,400168,山口県岩国市,つきおか歯科,ツキオカシカ,,無床診療所,352080,,山口県岩国市由宇町中央2丁目9番1号,山口県,岩国市由宇町中央2丁目9番1号,,,,34.044941,132.208904,,,0827-63-1700,,0827-63-2393,,,,,,,3537230330,月火水木金土,9:00:00,18:00:00,木曜日は午前、土曜日は15:00まで診療。第3木曜日、祝日、8/11～16、12/30～1/4は休診。,,歯科、小児歯科,0,,,,,,記載内容は令和６年11月1日現在のものです。診療日や時間が変更となっている場合があります。また、診療科によって診療終了時間が異なる場合があるので、詳細は各医療機関にお問い合わせください。
352080,400169,山口県岩国市,桝尾歯科医院,マスオシカイイン,,無床診療所,352080,,山口県岩国市由宇町中央2丁目7番26号,山口県,岩国市由宇町中央2丁目7番26号,,,,34.045094,132.210344,,,0827-63-0128,,0827-63-2166,,,,,,,3530830946,月火水木金土,8:50:00,18:00:00,木曜日と土曜日は午前の診療。祝日、8/13～15、12/30～1/3は休診。,,歯科、小児歯科,0,,,http://masuoshika.cihp2.jp/,,,記載内容は令和６年11月1日現在のものです。診療日や時間が変更となっている場合があります。また、診療科によって診療終了時間が異なる場合があるので、詳細は各医療機関にお問い合わせください。
352080,400170,山口県岩国市,桝尾歯科クリニック,マスオシカクリニック,,無床診療所,352080,,山口県岩国市由宇町由宇崎5番1号,山口県,岩国市由宇町由宇崎5番1号,,,,34.036487,132.216608,,,0827-63-0700,,0827-63-0700,,,,,,,3537230389,月火水木金土,9:00:00,18:30:00,木曜日と土曜日は午前の診療。祝日、8/13～15、12/30～1/4は休診。,,歯科、小児歯科,0,,,http://masuodc.com/,,,記載内容は令和６年11月1日現在のものです。診療日や時間が変更となっている場合があります。また、診療科によって診療終了時間が異なる場合があるので、詳細は各医療機関にお問い合わせください。
352080,400171,山口県岩国市,医療法人社団　とよた歯科矯正歯科医院,イリョウホウジンシャダン　トヨタシカキョウセイシカイイン,,無床診療所,352080,,山口県岩国市玖珂町6053番地,山口県,岩国市玖珂町6053番地,,,,34.094435,132.07805,,,0827-82-6441,,0827-82-6442,,,,,5.25001E+12,医療法人社団　とよた歯科矯正歯科医院,3537230397,月火水金土,9:00:00,18:30:00,祝日、8/13～15、12/30～1/3は休診。木曜日は振替で診療を行う場合あり。,,歯科、矯正歯科,0,,,http://www.toyota-dc.com/index.html,,,記載内容は令和６年11月1日現在のものです。診療日や時間が変更となっている場合があります。また、診療科によって診療終了時間が異なる場合があるので、詳細は各医療機関にお問い合わせください。
352080,400172,山口県岩国市,林歯科医院,ハヤシシカイイン,,無床診療所,352080,,山口県岩国市玖珂町5063,山口県,岩国市玖珂町5063,,,,34.093776,132.083063,,,0827-82-5885,,0827-82-5889,,,,,,,3530831019,月火水木金土,6:00:00,18:30:00,土曜日は午前の診療。祝日、8/11～16、12/30～1/4は休診。,,歯科,0,,,,,,記載内容は令和６年11月1日現在のものです。診療日や時間が変更となっている場合があります。また、診療科によって診療終了時間が異なる場合があるので、詳細は各医療機関にお問い合わせください。
352080,400173,山口県岩国市,医療法人　山中歯科医院,イリョウホウジン　ヤマナカシカイイン,,無床診療所,352080,,山口県岩国市玖珂町802番地3,山口県,岩国市玖珂町802番地3,,,,34.095641,132.083439,,,0827-82-2227,,0827-82-2362,,,,,1.25001E+12,医療法人　山中歯科医院,3537230439,月火水木金土,9:00:00,18:00:00,木曜日と土曜日は午前の診療。8/13～16、12/30～1/4は休診。,,歯科、小児歯科、矯正歯科,0,,,https://yamanakasika-iwakuni-kuga.com/,,,記載内容は令和６年11月1日現在のものです。診療日や時間が変更となっている場合があります。また、診療科によって診療終了時間が異なる場合があるので、詳細は各医療機関にお問い合わせください。
352080,400174,山口県岩国市,米田歯科医院,ヨネダシカイイン,,無床診療所,352080,,山口県岩国市玖珂町857-3,山口県,岩国市玖珂町857-3,,,,34.098825,132.085383,,,0827-82-6551,,0827-82-6551,,,,,,,3537230462,月火水金土,9:00:00,18:30:00,祝日は休診。,,歯科、小児歯科,0,,,https://www.dental-yoneda.com/,,,記載内容は令和６年11月1日現在のものです。診療日や時間が変更となっている場合があります。また、診療科によって診療終了時間が異なる場合があるので、詳細は各医療機関にお問い合わせください。
352080,400175,山口県岩国市,おかもと歯科クリニック,オカモトシカクリニック,,無床診療所,352080,,山口県岩国市周東町下久原1560-1,山口県,岩国市周東町下久原1560-1,,,,34.090216,132.046663,,,0827-83-0118,,0827-83-0117,,,,,,,3537230447,月火水木金土,9:30:00,18:30:00,祝日、8/13～15、12/31～1/3は休診。,,歯科、小児歯科,0,,,,,,記載内容は令和６年11月1日現在のものです。診療日や時間が変更となっている場合があります。また、診療科によって診療終了時間が異なる場合があるので、詳細は各医療機関にお問い合わせください。
352080,400176,山口県岩国市,松井歯科クリニック,マツイシカクリニック,,無床診療所,352080,,山口県岩国市周東町下久原816-3,山口県,岩国市周東町下久原816-3,,,,34.088652,132.053881,,,0827-83-0170,,0827-83-0171,,,,,,,3530830979,月火水木金土,9:00:00,18:00:00,水曜日と土曜日は午前の診療。祝日、12/30～1/3は休診。,,歯科,0,,,http://www.matsui-dental-clinic.com/,,,記載内容は令和６年11月1日現在のものです。診療日や時間が変更となっている場合があります。また、診療科によって診療終了時間が異なる場合があるので、詳細は各医療機関にお問い合わせください。
352080,400177,山口県岩国市,医療法人啓愛会　みどり歯科クリニック,イリョウホウジン　ケイアイカイ　ミドリシカクリニック,,無床診療所,352080,,山口県岩国市周東町下久原1147番地6,山口県,岩国市周東町下久原1147番地6,,,,34.092506,132.052499,,,0827-83-0418,,0827-83-0648,,,,,8.25001E+12,医療法人　啓愛会,3530831134,月火水木金土,9:00:00,19:00:00,水曜日は午前、土曜日は17:00までの診療。祝日、8/13～15、12/27～1/4は休診。,,歯科,0,,,,,,記載内容は令和６年11月1日現在のものです。診療日や時間が変更となっている場合があります。また、診療科によって診療終了時間が異なる場合があるので、詳細は各医療機関にお問い合わせください。
352080,400178,山口県岩国市,岩国市立美川歯科診療所,イワクニシリツミカワシカシンリョウショ,,無床診療所,352080,,山口県岩国市美川町四馬神1057番地,山口県,岩国市美川町四馬神1057番地,,,,34.242143,131.986296,,,0827-76-0666,,,,,,,,,3530831175,水,9:30:00,16:30:00,祝日、12/29～1/3は休診。,,歯科,0,,,,,,記載内容は令和６年11月1日現在のものです。診療日や時間が変更となっている場合があります。また、診療科によって診療終了時間が異なる場合があるので、詳細は各医療機関にお問い合わせください。
352080,,山口県岩国市,うめだ皮ふ科クリニック,ウメダヒフカクリニック,,無床診療所,352080,,山口県岩国市錦見六丁目14番33号,山口県,岩国市錦見六丁目14番33号,,,,34.1640881,132.1962899,,,0827-28-1061,,0827-28-1062,,,,,,,,月火木金土,9:00:00,17:00:00,土曜日は午前の診療。水曜日、日曜日、祝日は休診。,,皮膚科,0,,,https://umedahifuka.com/,,,記載内容は令和６年11月1日現在のものです。診療日や時間が変更となっている場合があります。また、診療科によって診療終了時間が異なる場合があるので、詳細は各医療機関にお問い合わせください。
